id,origin,destination,arrival,board,alight,route,board_stop
B2-1,B2,B3,0.5654162348744877,4.961677119734784,,B,B2
B2-2,B2,B3,0.7648787969034232,5.003343786401451,,B,B2
B1-1,B1,B2,2.282356384439883,6.0,,B,B1
B1-2,B1,B2,2.3343546544377296,6.041666666666667,,B,B1
A1-1,A1,A2,1.3407659713624547,7.0,,A,A1
A1-2,A1,A2,4.858623290518427,7.041666666666667,,A,A1
B3-1,B3,B3,0.7708922359754782,9.940339421647145,,B,B3
B3-2,B3,B3,4.948538388826681,9.982006088313812,,B,B3
B3-3,B3,B3,6.0334821399582585,10.023672754980478,,B,B3
B3-4,B3,B3,6.945659361547637,10.065339421647144,,B,B3
B3-5,B3,B3,8.594539950004352,10.10700608831381,,B,B3
B2-3,B2,B3,7.468981678503221,11.634207883896927,,B,B2
B2-4,B2,B3,9.948741114706069,11.675874550563593,,B,B2
A3-1,A3,A3,6.583728467727247,11.919060387019908,,A,A3
A3-2,A3,A3,7.596785581888533,11.960727053686574,,A,A3
A3-3,A3,A3,10.424470915790216,12.00239372035324,,A,A3
A2-1,A2,A3,12.040485723670084,13.554120547906042,,A,A2
B1-3,B1,B2,11.09324834233351,15.345746511149438,,B,B1
B1-4,B1,B2,14.93808836991079,15.387413177816104,,B,B1
B3-6,B3,B3,10.159189916158631,17.833072545660166,,B,B3
B3-7,B3,B3,11.729714970715005,17.874739212326833,,B,B3
B3-8,B3,B3,15.01166567541104,17.9164058789935,,B,B3
A1-3,A1,A3,9.962707700103213,17.922732425881932,,A,A1
B3-9,B3,B3,16.662974129814486,17.95807254566017,,B,B3
A1-4,A1,A2,10.391949210752752,17.9643990925486,,A,A1
B3-10,B3,B3,17.2545751932438,17.999739212326837,,B,B3
A1-5,A1,A3,11.695598405669458,18.006065759215268,,A,A1
A1-6,A1,A3,12.33198658318,18.047732425881936,,A,A1
A1-7,A1,A2,12.46788329676974,18.089399092548604,,A,A1
A1-8,A1,A3,15.140263355768626,18.13106575921527,,A,A1
A1-9,A1,A2,15.433912827204358,18.17273242588194,,A,A1
A3-4,A3,A3,13.469144355089092,20.314848046224785,,A,A3
A3-5,A3,A3,13.805464009485613,20.356514712891453,,A,A3
B2-5,B2,B3,13.103310694372064,21.121607958112353,,B,B2
B2-6,B2,B3,13.726514867630119,21.16327462477902,,B,B2
B1-5,B1,B2,19.06891730194298,22.15082810759497,,B,B1
B1-6,B1,B2,21.784556798355432,22.192494774261636,,B,B1
A2-2,A2,A3,15.630504608909126,25.047401153748947,,A,A2
A2-3,A2,A3,17.95086797925072,25.089067820415615,,A,A2
A2-4,A2,A3,18.090842865024637,25.130734487082282,,A,A2
B3-11,B3,B3,20.361608048399027,25.709261315642895,,B,B3
B3-12,B3,B3,23.69847575707734,25.750927982309562,,B,B3
B2-7,B2,B3,23.638807512653223,26.13167638707524,,B,B2
A1-10,A1,A3,18.727486436057678,26.793986382271783,,A,A1
A1-11,A1,A2,19.583080084173925,26.83565304893845,,A,A1
A1-12,A1,A2,20.650356031767135,26.87731971560512,,A,A1
A1-13,A1,A2,22.910995454572273,26.918986382271786,,A,A1
A3-6,A3,A3,30.658615721791477,31.25724469397535,,A,A3
A3-7,A3,A3,30.890025550225637,31.298911360642016,,A,A3
B1-7,B1,B2,22.295528297125195,31.91194376664507,,B,B1
B1-8,B1,B2,31.02754612896576,31.953610433311738,,B,B1
B1-9,B1,B2,31.818947236987825,31.995277099978406,,B,B1
A2-5,A2,A3,27.692534414596732,33.78261865119444,,A,A2
B1-10,B1,B3,32.9220147358125,36.26977994771707,,B,B1
B1-11,B1,B3,33.746521836148126,36.31144661438373,,B,B1
B2-8,B2,B3,32.98912224362516,37.163768823274886,,B,B2
B2-9,B2,B3,35.597145854317645,37.20543548994155,,B,B2
B2-10,B2,B3,36.33561065600393,37.247102156608214,,B,B2
B2-11,B2,B3,36.35406872392372,37.28876882327488,,B,B2
A1-14,A1,A2,27.174553674966962,38.17639537327636,,A,A1
A1-15,A1,A2,29.77756628177632,38.21806203994302,,A,A1
A1-16,A1,A2,30.042296164499508,38.259728706609685,,A,A1
A1-17,A1,A2,30.665538149160273,38.30139537327635,,A,A1
A1-18,A1,A3,31.789915540026236,38.343062039943014,,A,A1
A1-19,A1,A2,36.83150944071462,38.38472870660968,,A,A1
A3-8,A3,A3,33.35067700919673,40.210856010536496,,A,A3
A3-9,A3,A3,34.11016774829987,40.25252267720316,,A,A3
B3-13,B3,B3,33.93553029132369,41.99300800967272,,B,B3
B3-14,B3,B3,34.28769333137509,42.034674676339385,,B,B3
B3-15,B3,B3,41.01261958701832,42.07634134300605,,B,B3
B3-16,B3,B3,41.57239278976582,42.118008009672714,,B,B3
B2-12,B2,B3,41.98705798221081,42.23803504775724,,B,B2
B2-13,B2,B3,42.205951534893416,42.27970171442391,,B,B2
A1-20,A1,A2,40.33749774753475,45.34306940424936,,A,A1
A1-21,A1,A3,40.55729564900274,45.38473607091603,,A,A1
A1-22,A1,A2,41.825560427334835,45.42640273758269,,A,A1
A1-23,A1,A3,42.9736141451957,45.468069404249356,,A,A1
A1-24,A1,A3,44.0973690400075,45.50973607091602,,A,A1
A2-6,A2,A3,37.89027593167435,45.66757596175092,,A,A2
A2-7,A2,A3,43.79113403584841,45.709242628417584,,A,A2
B3-17,B3,B3,46.010125479367524,46.60868281008196,,B,B3
B1-12,B1,B3,37.79773082558496,47.14379915120936,,B,B1
B1-13,B1,B2,41.061888097554956,47.18546581787602,,B,B1
B1-14,B1,B2,46.03321202670051,47.227132484542686,,B,B1
B1-15,B1,B2,46.35164301073927,47.26879915120935,,B,B1
B1-16,B1,B3,49.474458871530764,50.66328771139729,,B,B1
B2-14,B2,B3,43.44757936959459,51.39258784103375,,B,B2
B2-15,B2,B3,47.8071653161204,51.434254507700416,,B,B2
A2-8,A2,A3,47.85069147155249,51.87943368344916,,A,A2
A2-9,A2,A3,51.146241451095804,51.92110035011582,,A,A2
B2-16,B2,B3,52.57514115970994,54.96435942870498,,B,B2
B2-17,B2,B3,54.94326508349058,55.006026095371645,,B,B2
B3-18,B3,B3,48.914971540168935,56.19988013838824,,B,B3
B3-19,B3,B3,55.61447138890241,56.2415468050549,,B,B3
A1-25,A1,A3,50.332374504011824,58.77442919456415,,A,A1
A1-26,A1,A3,52.44574261480402,58.816095861230814,,A,A1
A1-27,A1,A2,53.52401892564716,58.85776252789748,,A,A1
A1-28,A1,A3,54.343272705599446,58.89942919456414,,A,A1
A1-29,A1,A2,58.3682702699954,58.94109586123081,,A,A1
A3-10,A3,A3,55.780899446236475,59.01247484673055,,A,A3
B3-20,B3,B3,57.16965458838903,60.9586696746367,,B,B3
B1-17,B1,B2,51.17649570030646,62.39471734968225,,B,B1
B1-18,B1,B2,51.240865135281744,62.43638401634892,,B,B1
B1-19,B1,B3,51.52628372326141,62.47805068301558,,B,B1
B1-20,B1,B3,51.60611792649404,62.519717349682246,,B,B1
B1-21,B1,B2,54.13544180381292,62.56138401634891,,B,B1
B1-22,B1,B2,55.4561467410196,62.603050683015574,,B,B1
B1-23,B1,B3,55.65640743739504,62.64471734968224,,B,B1
B1-24,B1,B2,56.0959283336452,62.6863840163489,,B,B1
B1-25,B1,B3,58.60466380994652,62.72805068301557,,B,B1
B1-26,B1,B3,59.12090250084312,62.76971734968223,,B,B1
A1-30,A1,A3,63.019610100682705,63.75087754167985,,A,A1
B1-27,B1,B2,64.69793601393202,66.03966883683745,,B,B1
B1-28,B1,B3,64.98941641424165,66.08133550350412,,B,B1
B1-29,B1,B3,65.6361332795901,66.12300217017079,,B,B1
A2-10,A2,A3,53.377498226729514,66.41511868499688,,A,A2
A2-11,A2,A3,62.90256034611342,66.45678535166356,,A,A2
B2-18,B2,B3,55.809282273215224,68.57067274205075,,B,B2
B2-19,B2,B3,61.31223920816379,68.61233940871742,,B,B2
B2-20,B2,B3,63.895905548051026,68.65400607538409,,B,B2
B2-21,B2,B3,65.17167460277875,68.69567274205076,,B,B2
B2-22,B2,B3,67.02853357860747,68.73733940871743,,B,B2
B2-23,B2,B3,67.05178827587963,68.7790060753841,,B,B2
A2-12,A2,A3,69.49195351132768,70.9059871462244,,A,A2
A3-11,A3,A3,69.0556498756396,71.31976352616881,,A,A3
B3-21,B3,B3,66.49474427257455,74.06495315987982,,B,B3
A3-12,A3,A3,71.75701648023296,76.06576878553858,,A,A3
A1-31,A1,A3,69.48887481292908,78.62098726165777,,A,A1
A1-32,A1,A2,69.85367593163093,78.66265392832445,,A,A1
A1-33,A1,A3,78.03402199646278,78.70432059499112,,A,A1
B1-30,B1,B2,69.89570759618746,79.03365720221827,,B,B1
B1-31,B1,B2,70.87166710339115,79.07532386888494,,B,B1
B1-32,B1,B2,73.90688454559329,79.11699053555161,,B,B1
B1-33,B1,B3,75.62603274175291,79.15865720221828,,B,B1
B1-34,B1,B2,77.9772629192094,79.20032386888495,,B,B1
A1-34,A1,A3,78.81648071686872,81.7712242645022,,A,A1
B2-24,B2,B3,69.43470880700815,84.63648527565842,,B,B2
B2-25,B2,B3,70.27193326792757,84.67815194232509,,B,B2
B2-26,B2,B3,72.71010928712808,84.71981860899176,,B,B2
B2-27,B2,B3,83.65014216893273,84.76148527565843,,B,B2
B2-28,B2,B3,84.55458607671875,84.79082599299633,,B,B2
A2-13,A2,A3,71.13958783077742,84.89803308187793,,A,A2
A2-14,A2,A3,72.94748582664526,84.9396997485446,,A,A2
A2-15,A2,A3,74.10773100661409,84.98136641521127,,A,A2
A2-16,A2,A3,75.53945284693027,85.02303308187794,,A,A2
A2-17,A2,A3,75.68979075799237,85.06469974854461,,A,A2
A2-18,A2,A3,78.48386928931092,85.10636641521128,,A,A2
A2-19,A2,A3,79.1099927332528,85.14803308187795,,A,A2
A2-20,A2,A3,80.2185719874917,85.18969974854463,,A,A2
A2-21,A2,A3,84.67919202868087,85.2313664152113,,A,A2
B3-22,B3,B3,75.4554032356647,89.14049133837891,,B,B3
B3-23,B3,B3,76.97926540103326,89.18215800504558,,B,B3
B3-24,B3,B3,77.21949761639868,89.22382467171225,,B,B3
B3-25,B3,B3,78.70416089371855,89.26549133837892,,B,B3
B3-26,B3,B3,81.75994320950781,89.3071580050456,,B,B3
B3-27,B3,B3,88.277614237869,89.34882467171226,,B,B3
B3-28,B3,B3,88.70774677792183,89.39049133837894,,B,B3
A3-13,A3,A3,89.59600717169147,90.72401605024471,,A,A3
B1-35,B1,B2,83.94941529693274,94.43654523742198,,B,B1
B1-36,B1,B2,87.20628761816353,94.47821190408865,,B,B1
B1-37,B1,B3,89.1247507430444,94.51987857075532,,B,B1
B1-38,B1,B2,89.6408310095633,94.561545237422,,B,B1
B1-39,B1,B3,89.68264837845948,94.60321190408867,,B,B1
B1-40,B1,B3,91.4767248398332,94.64487857075534,,B,B1
B1-41,B1,B2,91.95573539618103,94.68654523742201,,B,B1
B1-42,B1,B2,93.17813214863378,94.72821190408868,,B,B1
B1-43,B1,B2,93.54799318223198,94.76987857075535,,B,B1
B1-44,B1,B3,94.5908242672199,94.81154523742202,,B,B1
A1-35,A1,A2,90.94230066719804,97.21800435701178,,A,A1
A1-36,A1,A2,93.90265592876287,97.25967102367845,,A,A1
A1-37,A1,A2,94.24678245744,97.30133769034512,,A,A1
B2-29,B2,B3,86.08299540759977,99.50066149399439,,B,B2
B2-30,B2,B3,89.42912149805856,99.54232816066106,,B,B2
B2-31,B2,B3,89.56788736403972,99.58399482732773,,B,B2
B2-32,B2,B3,92.54714871268833,99.6256614939944,,B,B2
A2-22,A2,A3,88.68120701960795,103.93361904793952,,A,A2
A2-23,A2,A3,95.89578619659314,103.97528571460619,,A,A2
A2-24,A2,A3,100.21083715276879,104.01695238127286,,A,A2
A2-25,A2,A3,101.3183453345204,104.05861904793953,,A,A2
B3-29,B3,B3,90.4659753855009,105.96323544372726,,B,B3
B3-30,B3,B3,91.63335787211435,106.00490211039393,,B,B3
B3-31,B3,B3,96.9706875428767,106.0465687770606,,B,B3
B3-32,B3,B3,100.65310736417901,106.08823544372727,,B,B3
B3-33,B3,B3,101.09731709361056,106.12748106762317,,B,B3
A3-14,A3,A3,95.25526584302821,110.0934372619768,,A,A3
A3-15,A3,A3,96.74690269333566,110.13510392864347,,A,A3
A3-16,A3,A3,105.24432305653175,110.17677059531015,,A,A3
B1-45,B1,B3,99.83665853512238,111.54167785682687,,B,B1
B1-46,B1,B2,101.72235706060725,111.58334452349354,,B,B1
B1-47,B1,B3,102.75747333513556,111.62501119016021,,B,B1
B1-48,B1,B3,105.99363690945336,111.66667785682688,,B,B1
B1-49,B1,B2,108.56191364337262,111.70834452349355,,B,B1
B1-50,B1,B2,108.78164295886283,111.75001119016022,,B,B1
B1-51,B1,B2,109.22237849557136,111.7916778568269,,B,B1
B2-33,B2,B3,101.74829477203602,116.0410983414191,,B,B2
B2-34,B2,B3,103.1801868247415,116.08276500808577,,B,B2
B2-35,B2,B3,110.76051132176568,116.12443167475244,,B,B2
B2-36,B2,B3,114.39105261273315,116.16609834141912,,B,B2
A1-38,A1,A3,101.63589787787065,116.44246703016984,,A,A1
A1-39,A1,A2,104.50066907639318,116.48413369683651,,A,A1
A1-40,A1,A2,110.73247641752636,116.52580036350318,,A,A1
A1-41,A1,A3,110.75887529070063,116.56746703016985,,A,A1
A1-42,A1,A2,111.06458072337477,116.60913369683652,,A,A1
A1-43,A1,A2,111.07907911495134,116.6508003635032,,A,A1
A1-44,A1,A2,111.57998144667762,116.69246703016987,,A,A1
A1-45,A1,A3,114.94373940854851,116.73413369683654,,A,A1
A1-46,A1,A3,116.0684105768859,116.77580036350321,,A,A1
A2-26,A2,A3,110.54544304511411,121.13680747415275,,A,A2
A2-27,A2,A3,114.27541883297647,121.17847414081942,,A,A2
A2-28,A2,A3,115.29121830220856,121.22014080748609,,A,A2
A2-29,A2,A3,119.48631355941964,121.26180747415276,,A,A2
A2-30,A2,A3,120.60511437406933,121.30347414081943,,A,A2
B3-34,B3,B3,111.4387862990402,122.25847794384374,,B,B3
B3-35,B3,B3,115.0555946905808,122.30014461051042,,B,B3
B3-36,B3,B3,121.29358356178895,122.34181127717709,,B,B3
B1-52,B1,B2,114.94295474601513,126.71157718026865,,B,B1
B1-53,B1,B3,115.62001414364715,126.75324384693532,,B,B1
B1-54,B1,B2,120.34990433730566,126.79491051360199,,B,B1
B1-55,B1,B2,121.59837307990571,126.83657718026866,,B,B1
B1-56,B1,B3,123.34446139087764,126.87824384693533,,B,B1
B1-57,B1,B2,125.04019497423188,126.919910513602,,B,B1
B1-58,B1,B2,128.2445994818964,128.27143193237504,,B,B1
A3-17,A3,A3,112.81213401618628,129.39584315838442,,A,A3
A3-18,A3,A3,118.08934142686252,129.43750982505108,,A,A3
A3-19,A3,A3,122.28956295479881,129.47917649171774,,A,A3
A3-20,A3,A3,126.59034246800674,129.5208431583844,,A,A3
A3-21,A3,A3,126.71342487341018,129.56250982505105,,A,A3
B2-37,B2,B3,118.54244357572827,132.49330076806143,,B,B2
B2-38,B2,B3,118.87030044722297,132.5349674347281,,B,B2
B2-39,B2,B3,120.39835480457971,132.57663410139475,,B,B2
B2-40,B2,B3,127.81853884207479,132.6183007680614,,B,B2
A1-47,A1,A3,119.13073425737093,135.41346091078077,,A,A1
A1-48,A1,A2,120.01119182268188,135.45512757744743,,A,A1
A1-49,A1,A3,130.33207584029023,135.49679424411408,,A,A1
A1-50,A1,A2,130.37658245563864,135.53846091078074,,A,A1
B3-37,B3,B3,128.49278925582712,136.73849490319355,,B,B3
B3-38,B3,B3,130.59409560354243,136.7801615698602,,B,B3
B3-39,B3,B3,133.1347241356018,136.82182823652687,,B,B3
A1-51,A1,A3,137.9066494765869,138.67000464852006,,A,A1
A2-31,A2,A3,124.59445191701526,141.63139908666753,,A,A2
A2-32,A2,A3,125.46331149831622,141.67306575333419,,A,A2
A2-33,A2,A3,126.78162097178127,141.71473242000084,,A,A2
A2-34,A2,A3,127.56135525268056,141.7563990866675,,A,A2
A2-35,A2,A3,138.84568784177378,141.79806575333416,,A,A2
B1-59,B1,B3,134.403374193481,143.43792296568822,,B,B1
B1-60,B1,B2,139.19684173642955,143.47958963235487,,B,B1
B1-61,B1,B3,139.66113827716893,143.52125629902153,,B,B1
B1-62,B1,B3,141.6954807573195,143.5629229656882,,B,B1
A3-22,A3,A3,131.89826880488656,147.78785153354374,,A,A3
B2-41,B2,B3,138.07708021803487,148.4924049582745,,B,B2
B2-42,B2,B3,139.69805332503051,148.53407162494116,,B,B2
B2-43,B2,B3,148.869031561054,149.24760273111585,,B,B2
A3-23,A3,A3,148.90247888549683,150.15069105261554,,A,A3
A1-52,A1,A3,138.90315252850735,153.06310878414817,,A,A1
A1-53,A1,A3,139.99214176116655,153.10477545081483,,A,A1
A1-54,A1,A2,143.3945006119035,153.14644211748148,,A,A1
A1-55,A1,A2,143.68658117575873,153.18810878414814,,A,A1
A1-56,A1,A3,146.41381179152364,153.2297754508148,,A,A1
A1-57,A1,A2,146.8450134676444,153.27144211748146,,A,A1
A1-58,A1,A3,152.84103814736096,153.3131087841481,,A,A1
B3-40,B3,B3,148.19715811801183,154.86489064039247,,B,B3
B3-41,B3,B3,154.33367742871033,154.90655730705913,,B,B3
B1-63,B1,B2,143.80576159840865,159.683775154634,,B,B1
B1-64,B1,B2,155.33218596802445,159.72544182130065,,B,B1
B1-65,B1,B3,157.07264691190244,159.7671084879673,,B,B1
A2-36,A2,A3,146.4645944516861,160.1113083976057,,A,A2
A2-37,A2,A3,149.38657575161213,160.15297506427237,,A,A2
A2-38,A2,A3,151.16854512087193,160.19464173093903,,A,A2
A2-39,A2,A3,152.5587934579403,160.23630839760568,,A,A2
A2-40,A2,A3,159.18829148697915,160.27797506427234,,A,A2
B1-66,B1,B3,161.07502174267367,161.78540140646697,,B,B1
B2-44,B2,B3,152.8492796453929,165.04197729749052,,B,B2
B2-45,B2,B3,159.57577980328594,165.08364396415718,,B,B2
A3-24,A3,A3,154.9639166666193,165.64414068748926,,A,A3
A3-25,A3,A3,158.5443828512838,165.6858073541559,,A,A3
A3-26,A3,A3,164.59713609384139,165.72747402082257,,A,A3
B2-46,B2,B3,166.93352472444184,167.87370567539952,,B,B2
B2-47,B2,B3,167.74391806920818,167.91537234206618,,B,B2
B2-48,B2,B3,167.92080172224254,167.95703900873283,,B,B2
B3-42,B3,B3,165.4455681643314,169.42297284987578,,B,B3
B3-43,B3,B3,165.5863639011563,169.46463951654243,,B,B3
B3-44,B3,B3,167.6162958293733,169.5063061832091,,B,B3
B3-45,B3,B3,172.04911227781193,172.62269919477805,,B,B3
A1-59,A1,A2,157.5876901447525,173.27101098868775,,A,A1
A1-60,A1,A2,160.58688750157478,173.3126776553544,,A,A1
A1-61,A1,A3,161.76540866482523,173.35434432202106,,A,A1
A1-62,A1,A2,162.0473973482177,173.39601098868772,,A,A1
A1-63,A1,A3,164.51429456710179,173.43767765535438,,A,A1
A1-64,A1,A2,165.47895359657184,173.47934432202103,,A,A1
A1-65,A1,A2,165.58770645166553,173.5210109886877,,A,A1
A1-66,A1,A3,165.97596085537245,173.56267765535435,,A,A1
A1-67,A1,A2,170.17495497093168,173.604344322021,,A,A1
B1-67,B1,B3,162.25236371449256,175.53272562792418,,B,B1
B1-68,B1,B2,162.3438739750197,175.57439229459084,,B,B1
B1-69,B1,B2,163.91039134547498,175.6160589612575,,B,B1
B1-70,B1,B2,165.86612780969278,175.65772562792415,,B,B1
B1-71,B1,B3,167.71276178039034,175.6993922945908,,B,B1
B1-72,B1,B3,167.93578935286507,175.74105896125747,,B,B1
B1-73,B1,B2,169.88056545960194,175.78272562792412,,B,B1
B1-74,B1,B2,173.11796686689365,175.82439229459078,,B,B1
B1-75,B1,B2,174.5629254450769,175.86605896125744,,B,B1
B1-76,B1,B3,175.87757455623975,175.9077256279241,,B,B1
B1-77,B1,B2,176.35334089659503,177.54718327381227,,B,B1
B1-78,B1,B3,176.77864275052715,177.58884994047892,,B,B1
B1-79,B1,B2,177.49865772334363,177.63051660714558,,B,B1
A2-41,A2,A3,165.54276938679598,180.57406660707468,,A,A2
A2-42,A2,A3,172.46017486494853,180.61573327374134,,A,A2
A2-43,A2,A3,178.80279078387926,180.657399940408,,A,A2
B2-49,B2,B3,170.44716485766094,181.56869885682127,,B,B2
B2-50,B2,B3,172.86813525509547,181.61036552348793,,B,B2
B2-51,B2,B3,173.92097347321592,181.65203219015459,,B,B2
B2-52,B2,B3,174.00656550502083,181.69369885682124,,B,B2
A3-27,A3,A3,169.06529874457226,184.6606641166341,,A,A3
A3-28,A3,A3,174.13798598559535,184.70233078330077,,A,A3
A3-29,A3,A3,183.17682419617066,184.74399744996742,,A,A3
B3-46,B3,B3,173.82192916011184,186.25764015675074,,B,B3
B3-47,B3,B3,174.19331629003761,186.2993068234174,,B,B3
B3-48,B3,B3,179.6053287118528,186.34097349008405,,B,B3
B3-49,B3,B3,181.09811171816642,186.3826401567507,,B,B3
A1-68,A1,A3,180.8136892815031,190.3424631909288,,A,A1
A1-69,A1,A3,189.66541356309253,190.38412985759547,,A,A1
B1-80,B1,B3,179.4906343441269,190.80816860846423,,B,B1
B1-81,B1,B2,182.1891102183689,190.84983527513089,,B,B1
B1-82,B1,B3,184.20968642319724,190.89150194179754,,B,B1
B1-83,B1,B3,184.9213396538824,190.9331686084642,,B,B1
B1-84,B1,B3,186.0213749771902,190.97483527513086,,B,B1
B1-85,B1,B3,186.32982595779012,191.01650194179751,,B,B1
B1-86,B1,B3,191.16533354182926,191.65206103571856,,B,B1
A1-70,A1,A3,191.49812879764787,193.81091163027762,,A,A1
A1-71,A1,A3,191.63059258056367,193.85257829694427,,A,A1
A1-72,A1,A2,192.971689736721,193.89424496361093,,A,A1
B2-53,B2,B3,184.96449858258285,195.0261077885671,,B,B2
B2-54,B2,B3,189.69177140843857,195.06777445523375,,B,B2
B2-55,B2,B3,190.3257537844393,195.1094411219004,,B,B2
B2-56,B2,B3,192.02020916638332,195.15110778856706,,B,B2
B2-57,B2,B3,194.3516740084093,195.19277445523372,,B,B2
B2-58,B2,B3,194.44123758396728,195.23444112190037,,B,B2
A2-44,A2,A3,183.81818793498636,196.73015025147637,,A,A2
A2-45,A2,A3,185.99433939711457,196.77181691814303,,A,A2
A2-46,A2,A3,186.05233171599778,196.8134835848097,,A,A2
A2-47,A2,A3,186.24070922380787,196.85515025147635,,A,A2
A2-48,A2,A3,186.40703503147705,196.896816918143,,A,A2
A2-49,A2,A3,191.27199747827981,196.93848358480966,,A,A2
A2-50,A2,A3,195.30445562244347,196.98015025147632,,A,A2
B3-50,B3,B3,187.18455446759927,200.86069705665645,,B,B3
B3-51,B3,B3,190.1063026240215,200.9023637233231,,B,B3
B3-52,B3,B3,192.6922077663048,200.94403038998976,,B,B3
B3-53,B3,B3,201.5165234625568,201.9222642733606,,B,B3
A3-30,A3,A3,187.90697655635782,204.78950635387596,,A,A3
A3-31,A3,A3,188.4217611485969,204.82921709788098,,A,A3
A3-32,A3,A3,191.80435097758306,204.83117302054262,,A,A3
A3-33,A3,A3,196.7199759514967,204.87088376454764,,A,A3
A3-34,A3,A3,199.17647941261623,204.87283968720928,,A,A3
B1-87,B1,B3,193.5571396241121,205.62054081306735,,B,B1
B1-88,B1,B3,194.00177179603037,205.662207479734,,B,B1
B1-89,B1,B2,194.18472788667097,205.70387414640066,,B,B1
B1-90,B1,B2,196.7557132544432,205.74554081306732,,B,B1
B1-91,B1,B3,199.33278114905568,205.78720747973398,,B,B1
B1-92,B1,B3,200.55259996743115,205.82887414640064,,B,B1
B1-93,B1,B2,206.44654042685596,207.23045128423104,,B,B1
B2-59,B2,B3,197.37906217665824,209.26527111538653,,B,B2
B2-60,B2,B3,199.42224875682854,209.30693778205318,,B,B2
B2-61,B2,B3,210.25255496185105,211.67480987308454,,B,B2
A1-73,A1,A2,196.04304620544957,212.04302383207312,,A,A1
A1-74,A1,A3,198.49099604995683,212.08469049873977,,A,A1
A1-75,A1,A3,200.7447513658892,212.12635716540643,,A,A1
A1-76,A1,A2,201.36731211143334,212.1680238320731,,A,A1
A1-77,A1,A2,201.5726954122995,212.20969049873975,,A,A1
A1-78,A1,A3,201.62523794900588,212.2513571654064,,A,A1
A1-79,A1,A2,201.90868083945088,212.29302383207306,,A,A1
A1-80,A1,A3,205.19118047538564,212.33469049873972,,A,A1
A1-81,A1,A2,205.25845762733053,212.37635716540638,,A,A1
A1-82,A1,A3,210.071401930719,212.41802383207303,,A,A1
B3-54,B3,B3,201.9993658965642,213.4719393547611,,B,B3
B3-55,B3,B3,202.33504601904795,213.51360602142776,,B,B3
B3-56,B3,B3,204.0812150567519,213.55527268809442,,B,B3
B3-57,B3,B3,212.55178796628496,213.59693935476108,,B,B3
B3-58,B3,B3,213.43966658465064,213.63860602142773,,B,B3
B1-94,B1,B3,207.27424909395504,217.40994663435225,,B,B1
B1-95,B1,B3,209.75274703503808,217.4516133010189,,B,B1
B1-96,B1,B3,215.00128657025544,217.49327996768557,,B,B1
B1-97,B1,B3,216.1643963501598,217.53494663435222,,B,B1
A2-51,A2,A3,206.5734774439921,218.270975306103,,A,A2
A2-52,A2,A3,207.07647792330852,218.31264197276965,,A,A2
A2-53,A2,A3,211.84909955706817,218.3543086394363,,A,A2
A2-54,A2,A3,213.1744350062951,218.39597530610297,,A,A2
A2-55,A2,A3,218.72946059031682,219.94400934141152,,A,A2
B2-62,B2,B3,215.67587431516432,222.44382130168927,,B,B2
B2-63,B2,B3,217.06498655160016,222.48548796835593,,B,B2
A3-35,A3,A3,213.36711514378123,223.9590183765914,,A,A3
A3-36,A3,A3,221.58816105999833,224.00068504325804,,A,A3
A3-37,A3,A3,222.13234865403192,224.0423517099247,,A,A3
B2-64,B2,B3,223.58111707548767,225.02584291253282,,B,B2
A1-83,A1,A3,213.86652644147443,231.61219965935615,,A,A1
A1-84,A1,A2,215.38675316762473,231.6538663260228,,A,A1
A1-85,A1,A3,219.66662317717783,231.69553299268946,,A,A1
A1-86,A1,A3,223.63743665287913,231.73719965935612,,A,A1
A1-87,A1,A3,224.739537870492,231.77886632602278,,A,A1
A1-88,A1,A2,226.14807631066392,231.82053299268944,,A,A1
A1-89,A1,A3,226.17921004385013,231.8621996593561,,A,A1
B1-98,B1,B2,222.83974116115812,233.23338379799034,,B,B1
B1-99,B1,B3,224.59900988555,233.275050464657,,B,B1
B1-100,B1,B2,230.2459861719148,233.31671713132366,,B,B1
B1-101,B1,B3,232.37597939955296,233.3583837979903,,B,B1
B2-65,B2,B3,229.4188922672321,237.20099848215466,,B,B2
A2-56,A2,A3,220.97088302808547,238.10229096496266,,A,A2
A2-57,A2,A3,226.58941497550555,238.14395763162932,,A,A2
A2-58,A2,A3,226.97231741769946,238.18562429829598,,A,A2
A2-59,A2,A3,228.51093195123963,238.22729096496263,,A,A2
B3-59,B3,B3,234.60787063074258,242.26258943857997,,B,B3
B3-60,B3,B3,236.41917215142618,242.30425610524662,,B,B3
A3-38,A3,A3,233.77457705837008,244.7160546527084,,A,A3
A3-39,A3,A3,235.50969095210107,244.75772131937507,,A,A3
A3-40,A3,A3,243.3506680332068,244.79938798604172,,A,A3
A3-41,A3,A3,243.72839848083578,244.84105465270838,,A,A3
B1-102,B1,B3,234.87405460052926,247.60422659976928,,B,B1
B1-103,B1,B3,238.36364928468694,247.64589326643593,,B,B1
B1-104,B1,B3,238.51185355080878,247.6875599331026,,B,B1
B1-105,B1,B2,240.50550684004727,247.72922659976925,,B,B1
B1-106,B1,B2,240.8167717839284,247.7708932664359,,B,B1
B1-107,B1,B3,241.2025409202837,247.81255993310256,,B,B1
B1-108,B1,B3,244.78611728798143,247.85422659976922,,B,B1
B1-109,B1,B3,245.00775195742594,247.89589326643588,,B,B1
B1-110,B1,B3,246.17984591380667,247.93755993310253,,B,B1
B1-111,B1,B3,247.33748406499495,247.9792265997692,,B,B1
A1-90,A1,A3,232.91608803517144,250.4786479167999,,A,A1
A1-91,A1,A2,234.61612993123674,250.52031458346656,,A,A1
A1-92,A1,A2,237.80562587388962,250.56198125013321,,A,A1
A1-93,A1,A3,238.07887429257624,250.60364791679987,,A,A1
A1-94,A1,A2,240.02758742564296,250.64531458346653,,A,A1
A1-95,A1,A2,246.2750693234167,250.6869812501332,,A,A1
B2-66,B2,B3,239.44539073424542,252.90922131741573,,B,B2
B2-67,B2,B3,241.3872416508697,252.95088798408239,,B,B2
B2-68,B2,B3,244.5969272500298,252.99255465074904,,B,B2
B2-69,B2,B3,244.87975641863085,253.0342213174157,,B,B2
B3-61,B3,B3,243.50476775073864,256.46431312895254,,B,B3
B3-62,B3,B3,251.34652163168673,256.5059797956192,,B,B3
B3-63,B3,B3,251.74285796667743,256.5476464622859,,B,B3
A2-60,A2,A3,240.49882148399277,256.8395427949426,,A,A2
A2-61,A2,A3,242.22758796186432,256.8812094616093,,A,A2
A2-62,A2,A3,242.65402281084585,256.92287612827596,,A,A2
A2-63,A2,A3,243.00544489752028,256.96454279494264,,A,A2
A2-64,A2,A3,247.83427878413266,257.00620946160933,,A,A2
B1-112,B1,B2,254.69289540990306,262.4245527647303,,B,B1
B1-113,B1,B2,256.0729782231655,262.466219431397,,B,B1
B1-114,B1,B2,256.36767874309515,262.5078860980637,,B,B1
B1-115,B1,B3,258.06394151652756,262.5495527647304,,B,B1
B1-116,B1,B3,258.2088175941924,262.59121943139706,,B,B1
B1-117,B1,B2,258.52504508402035,262.63288609806375,,B,B1
B1-118,B1,B2,258.837610664039,262.67455276473044,,B,B1
B1-119,B1,B2,262.2641049580302,262.7162194313971,,B,B1
A3-42,A3,A3,249.8533972464858,262.96362571150524,,A,A3
A3-43,A3,A3,256.85289339706753,263.00529237817193,,A,A3
A3-44,A3,A3,256.9099863442302,263.0469590448386,,A,A3
A3-45,A3,A3,260.07175819214484,263.0886257115053,,A,A3
B2-70,B2,B3,259.2646182921578,267.13215779934797,,B,B2
B2-71,B2,B3,262.18313088283406,267.17382446601465,,B,B2
B2-72,B2,B3,263.3046947409026,267.21549113268134,,B,B2
A1-96,A1,A2,251.06242761851004,268.56441468865586,,A,A1
A1-97,A1,A2,252.41105904599326,268.60608135532254,,A,A1
A1-98,A1,A2,254.74637449616895,268.64774802198923,,A,A1
A1-99,A1,A3,261.5127678546778,268.6894146886559,,A,A1
A1-100,A1,A3,262.85504379159283,268.7310813553226,,A,A1
A1-101,A1,A2,263.57813541368387,268.7727480219893,,A,A1
A1-102,A1,A2,263.704189695451,268.814414688656,,A,A1
A1-103,A1,A2,270.0405360644796,271.36615223284565,,A,A1
B3-64,B3,B3,258.56668769601663,272.91667740890284,,B,B3
B3-65,B3,B3,263.3283621796847,272.9583440755695,,B,B3
B3-66,B3,B3,263.38394829040726,272.9956908642596,,B,B3
A2-65,A2,A3,264.9093745425406,273.92841210221326,,A,A2
A2-66,A2,A3,267.9099475439382,273.97007876887994,,A,A2
A2-67,A2,A3,268.216593047756,274.01174543554663,,A,A2
A2-68,A2,A3,271.4450317026894,274.0534121022133,,A,A2
A2-69,A2,A3,274.40680743541355,277.1404421492718,,A,A2
B1-120,B1,B2,267.3378613034558,278.1036740252158,,B,B1
A3-46,A3,A3,276.4453592376567,279.36429914750477,,A,A3
B2-73,B2,B3,274.31426176174233,281.9825817635217,,B,B2
B2-74,B2,B3,277.62302272967963,282.0242484301884,,B,B2
B2-75,B2,B3,280.9152699730397,282.06591509685506,,B,B2
A3-47,A3,A3,279.47599801604144,283.2810366274696,,A,A3
A3-48,A3,A3,279.70855532475883,283.32270329413626,,A,A3
A3-49,A3,A3,281.3577689542526,283.36436996080295,,A,A3
A1-104,A1,A3,279.99360812521104,283.7301896034143,,A,A1
B2-76,B2,B3,282.94252084623844,284.4457209537503,,B,B2
B2-77,B2,B3,283.63720138435866,284.487387620417,,B,B2
B3-67,B3,B3,279.3045252125867,286.04527084963667,,B,B3
A2-70,A2,A3,279.16641238788065,288.25902116292616,,A,A2
A2-71,A2,A3,282.6777158351037,288.30068782959285,,A,A2
A2-72,A2,A3,283.9772095146842,288.34235449625953,,A,A2
A2-73,A2,A3,285.7210236531511,288.3840211629262,,A,A2
A2-74,A2,A3,286.04471279088386,288.4256878295929,,A,A2
B3-68,B3,B3,289.82376507387147,290.10260561702165,,B,B3
A1-105,A1,A2,286.30696763507814,290.53025297177436,,A,A1
A1-106,A1,A3,289.7294358691147,290.57191963844105,,A,A1
B1-121,B1,B3,279.7299328232709,290.68195514895285,,B,B1
B1-122,B1,B3,287.2399228379232,290.72362181561954,,B,B1
B1-123,B1,B3,289.1601189239534,290.7652884822862,,B,B1
B1-124,B1,B2,293.3623868426734,294.73601654641277,,B,B1
A3-50,A3,A3,286.1974340979475,295.076145162153,,A,A3
B2-78,B2,B3,285.71406338037235,296.8656183547804,,B,B2
B2-79,B2,B3,288.6348757337278,296.9072850214471,,B,B2
B2-80,B2,B3,289.8694734055757,296.94895168811377,,B,B2
B2-81,B2,B3,297.9304770455728,299.29290258339245,,B,B2
A1-107,A1,A3,293.0275203938256,301.0499040211703,,A,A1
B3-69,B3,B3,290.63046350160096,303.0398418009076,,B,B3
B3-70,B3,B3,298.4895294623613,303.0815084675743,,B,B3
A2-75,A2,A3,300.70455328097415,307.1512372567708,,A,A2
A1-108,A1,A3,301.575344751064,307.71966985790175,,A,A1
A1-109,A1,A3,302.04108620801964,307.76133652456843,,A,A1
A1-110,A1,A3,304.61744086577886,307.8030031912351,,A,A1
B1-125,B1,B2,296.59639685316375,307.88108657443473,,B,B1
B1-126,B1,B3,298.9724069021422,307.9227532411014,,B,B1
B1-127,B1,B3,303.9983878522595,307.9644199077681,,B,B1
B1-128,B1,B3,305.1970721016547,308.0060865744348,,B,B1
B2-82,B2,B3,299.7361520675498,313.44085962232026,,B,B2
B2-83,B2,B3,299.89039519639357,313.48252628898695,,B,B2
B2-84,B2,B3,299.9794645859486,313.52419295565363,,B,B2
B2-85,B2,B3,301.5539571245595,313.5658596223203,,B,B2
A3-51,A3,A3,307.6167619757102,314.17516914368355,,A,A3
A3-52,A3,A3,310.778839831409,314.21683581035023,,A,A3
A3-53,A3,A3,311.0689746506332,314.2585024770169,,A,A3
A2-76,A2,A3,307.3591441729585,314.3196314096801,,A,A2
B3-71,B3,B3,310.75779474212095,319.584032812166,,B,B3
B3-72,B3,B3,312.20956243371216,319.6256994788327,,B,B3
A1-111,A1,A3,314.6280367354245,320.5414032905512,,A,A1
A3-54,A3,A3,321.07110535064976,321.61974161735725,,A,A3
B1-129,B1,B2,309.8118551202388,324.08513370818537,,B,B1
B1-130,B1,B2,311.1514424610572,324.12680037485205,,B,B1
B1-131,B1,B3,315.341736059182,324.16846704151874,,B,B1
B1-132,B1,B2,319.0049437846976,324.2101337081854,,B,B1
B1-133,B1,B2,319.7153248961505,324.2518003748521,,B,B1
B1-134,B1,B3,321.2123919646502,324.2934670415188,,B,B1
B2-86,B2,B3,316.1015420186267,329.0752643439832,,B,B2
B2-87,B2,B3,325.7554476282081,329.11693101064986,,B,B2
A2-77,A2,A3,314.64790435883793,329.2575061498027,,A,A2
A2-78,A2,A3,317.8905107294035,329.29917281646937,,A,A2
A2-79,A2,A3,325.4695987882405,329.34083948313605,,A,A2
A2-80,A2,A3,326.50801368991443,329.38250614980274,,A,A2
A2-81,A2,A3,328.2816955391029,329.4241728164694,,A,A2
A2-82,A2,A3,328.76385202469675,329.4658394831361,,A,A2
B2-88,B2,B3,329.4682127587856,330.49223379561585,,B,B2
A3-55,A3,A3,321.7625870722152,336.13839678615,,A,A3
A3-56,A3,A3,326.4218255851583,336.1800634528167,,A,A3
A3-57,A3,A3,331.23517775887365,336.22173011948337,,A,A3
A3-58,A3,A3,335.24894835398106,336.26339678615005,,A,A3
B1-135,B1,B3,328.91295143075445,338.9787510075903,,B,B1
B1-136,B1,B3,330.7494774912195,339.020417674257,,B,B1
B1-137,B1,B2,332.5852521422783,339.06208434092366,,B,B1
B1-138,B1,B2,334.6430385947287,339.10375100759035,,B,B1
B1-139,B1,B2,335.00275848320445,339.14541767425703,,B,B1
B1-140,B1,B2,335.07577103678466,339.1870843409237,,B,B1
B1-141,B1,B3,338.59341466844114,339.2287510075904,,B,B1
A1-112,A1,A2,330.899103594694,340.91652480574203,,A,A1
A1-113,A1,A2,336.36130391271826,340.9581914724087,,A,A1
A1-114,A1,A3,337.04553675127096,340.9998581390754,,A,A1
A1-115,A1,A3,337.4644297547803,341.0415248057421,,A,A1
A1-116,A1,A3,337.5062911155394,341.08319147240877,,A,A1
A1-117,A1,A3,338.7396832912967,341.12485813907546,,A,A1
A1-118,A1,A2,340.1624886271857,341.16652480574214,,A,A1
B2-89,B2,B3,334.400903028654,344.02374443367097,,B,B2
B2-90,B2,B3,336.1230607419477,344.06541110033766,,B,B2
B2-91,B2,B3,340.1819452346073,344.10707776700434,,B,B2
B2-92,B2,B3,341.6089539493577,344.148744433671,,B,B2
B2-93,B2,B3,343.29255438702165,344.1904111003377,,B,B2
A2-83,A2,A3,333.2176171587732,347.2703753174721,,A,A2
A2-84,A2,A3,341.58865173169227,347.3120419841388,,A,A2
B3-73,B3,B3,349.3570424237944,350.3740658351638,,B,B3
A2-85,A2,A3,347.7121386825711,350.5272139816075,,A,A2
A2-86,A2,A3,348.9070804999767,350.56888064827416,,A,A2
A3-59,A3,A3,340.0909431892845,353.86898772599886,,A,A3
A3-60,A3,A3,342.9675410034266,353.91065439266555,,A,A3
A3-61,A3,A3,352.88324422184814,353.95232105933223,,A,A3
A3-62,A3,A3,353.7070437296315,353.9939877259989,,A,A3
B1-142,B1,B2,340.8219081076035,355.46782812178964,,B,B1
B1-143,B1,B2,342.62572067778433,355.5094947884563,,B,B1
B1-144,B1,B3,345.05844686616706,355.551161455123,,B,B1
B1-145,B1,B3,345.45615156445416,355.5928281217897,,B,B1
B1-146,B1,B3,351.98530847205933,355.6344947884564,,B,B1
B1-147,B1,B2,352.6718796413483,355.67616145512307,,B,B1
B1-148,B1,B2,353.01681769062935,355.71782812178975,,B,B1
B1-149,B1,B3,353.39046785579814,355.75949478845644,,B,B1
B1-150,B1,B2,353.8923337483843,355.8011614551231,,B,B1
B1-151,B1,B3,355.4982866025008,355.8428281217898,,B,B1
B1-152,B1,B3,356.0321640549885,356.660692801828,,B,B1
B1-153,B1,B2,356.13648208678245,356.7023594684947,,B,B1
B1-154,B1,B3,356.5991004469464,356.7440261351614,,B,B1
A1-119,A1,A2,346.8626644071327,360.57840849253535,,A,A1
A1-120,A1,A2,348.7983866385485,360.62007515920203,,A,A1
A1-121,A1,A3,350.55434940246477,360.6617418258687,,A,A1
A1-122,A1,A2,351.69325235132334,360.7034084925354,,A,A1
A1-123,A1,A3,354.56035599120236,360.7340330151949,,A,A1
A1-124,A1,A2,357.70689623020917,360.7450751592021,,A,A1
A1-125,A1,A2,359.7069110436787,360.77569968186157,,A,A1
B2-94,B2,B3,353.2465224382705,361.22483289973246,,B,B2
B2-95,B2,B3,356.66013594185654,361.260199772985,,B,B2
B2-96,B2,B3,356.96975563472444,361.26649956639915,,B,B2
B2-97,B2,B3,357.39827634636896,361.3018664396517,,B,B2
B2-98,B2,B3,358.1685837008526,361.30816623306583,,B,B2
B3-74,B3,B3,352.44109375410056,365.65200851584683,,B,B3
B3-75,B3,B3,352.7997087767198,365.6936751825135,,B,B3
B3-76,B3,B3,353.4225197952062,365.7353418491802,,B,B3
B3-77,B3,B3,355.3504257760917,365.7770085158469,,B,B3
B3-78,B3,B3,356.21010085387906,365.8186751825136,,B,B3
B3-79,B3,B3,357.69441048402064,365.86034184918026,,B,B3
B3-80,B3,B3,359.7534155545248,365.90200851584694,,B,B3
B3-81,B3,B3,360.1411220562354,365.94367518251363,,B,B3
A2-87,A2,A3,364.56169289029907,368.2384859399671,,A,A2
A2-88,A2,A3,365.3776114185463,368.2801526066338,,A,A2
A2-89,A2,A3,367.22875185864376,368.3218192733005,,A,A2
B1-155,B1,B3,357.0861299906542,371.4282932922322,,B,B1
B1-156,B1,B3,358.63020334906764,371.46995995889887,,B,B1
B1-157,B1,B3,358.7304676743177,371.51162662556555,,B,B1
B1-158,B1,B2,362.746703283883,371.55329329223224,,B,B1
B1-159,B1,B3,366.8490412419496,371.5949599588989,,B,B1
B1-160,B1,B2,369.256545827096,371.6366266255656,,B,B1
B1-161,B1,B3,369.34997820789965,371.6782932922323,,B,B1
B1-162,B1,B3,370.07731976260567,371.719959958899,,B,B1
B1-163,B1,B3,371.97614351848836,373.0798092882725,,B,B1
A3-63,A3,A3,365.0619143552733,373.97690932360376,,A,A3
A3-64,A3,A3,366.23640951118097,374.01857599027045,,A,A3
A3-65,A3,A3,369.54972233452406,374.06024265693713,,A,A3
A3-66,A3,A3,373.1336178955661,374.1019093236038,,A,A3
A3-67,A3,A3,375.50194281957846,375.9689867229208,,A,A3
B2-99,B2,B3,362.0767751475611,377.1899351035437,,B,B2
B2-100,B2,B3,370.5324203021575,377.22148067974024,,B,B2
B2-101,B2,B3,370.9102914306264,377.2316017702104,,B,B2
B2-102,B2,B3,372.88743558423823,377.2631473464069,,B,B2
B2-103,B2,B3,373.81307826177374,377.27326843687706,,B,B2
B2-104,B2,B3,373.8806627976081,377.3048140130736,,B,B2
B2-105,B2,B3,375.2031602317147,377.31493510354375,,B,B2
A1-126,A1,A3,362.5314644447281,380.60961960044364,,A,A1
A1-127,A1,A2,362.71152966632854,380.6512862671103,,A,A1
A1-128,A1,A3,363.63774921812467,380.692952933777,,A,A1
A1-129,A1,A3,367.5787699044513,380.7346196004437,,A,A1
A1-130,A1,A3,369.35274450222533,380.7762862671104,,A,A1
A1-131,A1,A3,372.922721287814,380.81795293377706,,A,A1
A1-132,A1,A3,373.8189344646098,380.85961960044375,,A,A1
A1-133,A1,A2,374.9295766396273,380.90128626711044,,A,A1
A1-134,A1,A2,378.1770993764646,380.9429529337771,,A,A1
A1-135,A1,A3,380.7025938275257,380.9846196004438,,A,A1
B3-82,B3,B3,369.54173432209035,381.56513460520597,,B,B3
B3-83,B3,B3,379.7952195690477,381.60680127187265,,B,B3
B3-84,B3,B3,380.4156044178173,381.64846793853934,,B,B3
A2-90,A2,A3,369.0700021106452,386.693544323888,,A,A2
A2-91,A2,A3,374.57491787220454,386.73521099055466,,A,A2
B1-164,B1,B2,373.8776605161266,386.7758509900219,,B,B1
A2-92,A2,A3,383.4232374719766,386.77687765722135,,A,A2
B1-165,B1,B2,374.4715528551857,386.8175176566886,,B,B1
A2-93,A2,A3,384.0867906423359,386.81854432388803,,A,A2
B1-166,B1,B3,374.7904606133976,386.8591843233553,,B,B1
A2-94,A2,A3,384.91275762415427,386.8602109905547,,A,A2
B1-167,B1,B3,377.0414576480965,386.900850990022,,B,B1
B1-168,B1,B3,377.2687878843902,386.94251765668866,,B,B1
B1-169,B1,B3,379.19443379262725,386.98418432335535,,B,B1
B1-170,B1,B3,380.6070204160847,387.02585099002204,,B,B1
B1-171,B1,B3,383.20258194513934,387.0675176566887,,B,B1
B1-172,B1,B3,383.47093945670156,387.1091843233554,,B,B1
B1-173,B1,B2,384.17670658018943,387.1508509900221,,B,B1
B1-174,B1,B3,385.015721200728,387.1925176566888,,B,B1
B1-175,B1,B3,386.8742520760098,387.23418432335546,,B,B1
B2-106,B2,B3,380.3921903396407,391.5263724484044,,B,B2
B2-107,B2,B3,381.50473094051307,391.5680391150711,,B,B2
B2-108,B2,B3,382.9720868060191,391.6097057817378,,B,B2
B2-109,B2,B3,386.07486350090977,391.65137244840446,,B,B2
B2-110,B2,B3,386.47095465323446,391.69303911507114,,B,B2
B2-111,B2,B3,388.16181463237587,391.73470578173783,,B,B2
A3-68,A3,A3,378.9521249288229,393.2517306365945,,A,A3
A3-69,A3,A3,385.793208172865,393.2933973032612,,A,A3
B3-85,B3,B3,382.46612635179287,397.4988343134871,,B,B3
A1-136,A1,A2,383.1191130309583,398.72864360804135,,A,A1
A1-137,A1,A2,383.8928116845492,398.77031027470804,,A,A1
A1-138,A1,A3,384.39328275584717,398.8119769413747,,A,A1
A1-139,A1,A2,384.9372897091697,398.8536436080414,,A,A1
A1-140,A1,A3,385.176248888004,398.8953102747081,,A,A1
A1-141,A1,A3,386.6856933351163,398.9369769413748,,A,A1
A1-142,A1,A3,396.6544352326212,398.97864360804147,,A,A1
A1-143,A1,A3,397.59293532065163,399.02031027470815,,A,A1
A1-144,A1,A3,398.18458669821183,399.06197694137484,,A,A1
A1-145,A1,A3,399.7678568412685,401.0082173071737,,A,A1
A1-146,A1,A2,400.56103565146736,401.0498839738404,,A,A1
A1-147,A1,A2,400.9095592861649,401.0915506405071,,A,A1
B1-176,B1,B3,391.8898622309302,401.9700732585021,,B,B1
B1-177,B1,B3,392.63554993976396,402.0117399251688,,B,B1
B1-178,B1,B3,393.10404877173016,402.0534065918355,,B,B1
B1-179,B1,B2,395.86544776843465,402.09507325850217,,B,B1
B1-180,B1,B3,397.9847666720811,402.13673992516885,,B,B1
B1-181,B1,B2,398.96248620487916,402.17840659183554,,B,B1
B1-182,B1,B3,400.7336986114909,402.2200732585022,,B,B1
B1-183,B1,B3,403.09169775506433,404.8055723993133,,B,B1
B1-184,B1,B3,403.22473438370713,404.84723906598,,B,B1
B1-185,B1,B2,403.58560770078697,404.88890573264666,,B,B1
B1-186,B1,B2,403.7492883477183,404.93057239931335,,B,B1
A2-95,A2,A3,393.9957634215779,405.936997739902,,A,A2
A2-96,A2,A3,397.2503651091969,405.97866440656867,,A,A2
A2-97,A2,A3,403.1202601428452,406.02033107323535,,A,A2
A2-98,A2,A3,404.7617945483669,406.06199773990204,,A,A2
B2-112,B2,B3,393.8240247458298,407.2868141541541,,B,B2
B2-113,B2,B3,402.6586417290296,407.3284808208208,,B,B2
B2-114,B2,B3,404.8457129891247,407.3701474874875,,B,B2
B2-115,B2,B3,405.8253424367694,407.4118141541542,,B,B2
B3-86,B3,B3,402.0397434980193,412.3202920629498,,B,B3
B3-87,B3,B3,402.8018560106133,412.3619587296165,,B,B3
B3-88,B3,B3,406.2588889566545,412.4036253962832,,B,B3
B3-89,B3,B3,409.1582373386785,412.4452920629499,,B,B3
B3-90,B3,B3,411.1084341646056,412.48695872961656,,B,B3
B3-91,B3,B3,411.7117457184061,412.52862539628325,,B,B3
A3-70,A3,A3,405.98641900294456,413.05904428464106,,A,A3
A3-71,A3,A3,410.5136519737903,413.10071095130775,,A,A3
B1-187,B1,B3,415.2522916262066,416.9946695217997,,B,B1
B1-188,B1,B3,415.7521811504586,417.0363361884664,,B,B1
B1-189,B1,B3,415.9242069441399,417.0780028551331,,B,B1
A1-148,A1,A3,401.88259748169787,418.4384180488818,,A,A1
A1-149,A1,A3,404.3696062482477,418.48008471554846,,A,A1
A1-150,A1,A2,405.4814063125889,418.52175138221514,,A,A1
A1-151,A1,A2,408.75038160121846,418.56341804888183,,A,A1
A1-152,A1,A3,410.2668324969481,418.6050847155485,,A,A1
A1-153,A1,A3,417.8455640632932,418.6467513822152,,A,A1
B1-190,B1,B2,419.30268982711146,419.5910502072515,,B,B1
B2-116,B2,B3,410.5855631795301,421.68671037957904,,B,B2
A2-99,A2,A3,411.4020770034465,424.2628835072604,,A,A2
A2-100,A2,A3,416.65228245728855,424.3045501739271,,A,A2
A2-101,A2,A3,420.0699910340832,424.3462168405938,,A,A2
A2-102,A2,A3,420.7848518299453,424.3878835072605,,A,A2
B2-117,B2,B3,421.76281781091575,424.6487104046157,,B,B2
B2-118,B2,B3,424.23073766540256,424.6903770712824,,B,B2
B3-92,B3,B3,424.3759605605027,427.2633738004199,,B,B3
B3-93,B3,B3,426.64101851367286,427.3050404670866,,B,B3
B3-94,B3,B3,428.2712243110849,429.25595119852323,,B,B3
A3-72,A3,A3,419.3916873294993,430.58789687876526,,A,A3
A3-73,A3,A3,427.3219378846586,430.62956354543195,,A,A3
A3-74,A3,A3,430.8149519631366,431.4282608030443,,A,A3
B1-191,B1,B2,419.67908544314696,433.77009741324986,,B,B1
B1-192,B1,B3,420.2420348758145,433.81176407991654,,B,B1
B1-193,B1,B2,420.69064651721436,433.85343074658323,,B,B1
B1-194,B1,B3,424.90340472362436,433.8950974132499,,B,B1
B1-195,B1,B2,426.3490919264091,433.9367640799166,,B,B1
B1-196,B1,B2,427.9019945761581,433.9784307465833,,B,B1
B1-197,B1,B3,428.5626009036507,434.02009741324997,,B,B1
B1-198,B1,B2,429.7734302595475,434.06176407991666,,B,B1
A1-154,A1,A3,423.11435589564024,435.9284184095778,,A,A1
A1-155,A1,A3,424.38424561472044,435.97008507624446,,A,A1
A1-156,A1,A2,429.23019608000067,436.01175174291114,,A,A1
A1-157,A1,A2,431.47100288622283,436.05341840957783,,A,A1
B2-119,B2,B3,431.2214132230503,439.06399842379415,,B,B2
B2-120,B2,B3,431.6357952759096,439.10566509046083,,B,B2
B2-121,B2,B3,434.92938503902565,439.1473317571275,,B,B2
B2-122,B2,B3,438.1553033975685,439.1889984237942,,B,B2
B2-123,B2,B3,438.70360779798966,439.2306650904609,,B,B2
A2-103,A2,A3,425.1617063860092,441.75705471764456,,A,A2
A2-104,A2,A3,427.05418464928016,441.79872138431125,,A,A2
A2-105,A2,A3,432.5612939010279,441.84038805097794,,A,A2
A2-106,A2,A3,434.1925991632331,441.8820547176446,,A,A2
A2-107,A2,A3,434.79250644569885,441.9237213843113,,A,A2
A2-108,A2,A3,441.1125120284199,441.965388050978,,A,A2
B3-95,B3,B3,438.7182236272239,444.5774154241758,,B,B3
B3-96,B3,B3,440.016721893355,444.6190820908425,,B,B3
B3-97,B3,B3,443.851783513292,444.66074875750917,,B,B3
B3-98,B3,B3,444.4716909247832,444.70241542417585,,B,B3
A3-75,A3,A3,435.70894848242324,448.65779569204005,,A,A3
A3-76,A3,A3,446.92546513510547,448.69946235870674,,A,A3
B1-199,B1,B3,435.6971692813216,449.1308923059296,,B,B1
B1-200,B1,B3,437.60320392644417,449.1725589725963,,B,B1
B1-201,B1,B2,441.48817896068437,449.21422563926296,,B,B1
B1-202,B1,B3,442.5348654445471,449.25589230592965,,B,B1
B1-203,B1,B2,446.8393853533996,449.29755897259633,,B,B1
B1-204,B1,B3,447.4903679095115,449.339225639263,,B,B1
B1-205,B1,B3,450.67310833949074,450.8637539283374,,B,B1
A1-158,A1,A3,439.5013362688863,454.29440567400525,,A,A1
A1-159,A1,A2,443.39381644565316,454.33607234067193,,A,A1
A1-160,A1,A2,443.7287989745068,454.3777390073386,,A,A1
A1-161,A1,A3,449.08235313796877,454.4194056740053,,A,A1
A1-162,A1,A2,452.4652151639334,454.461072340672,,A,A1
A1-163,A1,A3,454.23637946770816,454.5027390073387,,A,A1
B2-124,B2,B3,439.94881630264234,454.65768056999013,,B,B2
B2-125,B2,B3,440.06250810216847,454.6993472366568,,B,B2
B2-126,B2,B3,444.8538871550344,454.7410139033235,,B,B2
B2-127,B2,B3,450.1739050327894,454.7826805699902,,B,B2
B2-128,B2,B3,451.1408506969874,454.8243472366569,,B,B2
B2-129,B2,B3,451.80885494537586,454.86601390332356,,B,B2
B2-130,B2,B3,454.7275517941645,454.90768056999025,,B,B2
B2-131,B2,B3,454.78847239551953,454.94934723665693,,B,B2
B3-99,B3,B3,446.77312106664624,458.83114218600207,,B,B3
B3-100,B3,B3,447.51140192992085,458.87280885266875,,B,B3
B3-101,B3,B3,452.169784696909,458.91447551933544,,B,B3
B3-102,B3,B3,454.4981740581773,458.9561421860021,,B,B3
B3-103,B3,B3,458.795193685464,458.9978088526688,,B,B3
A2-109,A2,A3,449.48718140596367,460.16396920820586,,A,A2
A2-110,A2,A3,452.61705781074625,460.20563587487254,,A,A2
B1-206,B1,B2,451.7335663239739,464.3381236364098,,B,B1
B1-207,B1,B3,457.710756672283,464.3797903030765,,B,B1
B1-208,B1,B3,459.7925453321415,464.4214569697432,,B,B1
B1-209,B1,B3,462.8635389656228,464.4631236364099,,B,B1
A3-77,A3,A3,453.33068062333,465.7396714411085,,A,A3
A3-78,A3,A3,454.1630283739725,465.7813381077752,,A,A3
A3-79,A3,A3,458.57525141951527,465.82300477444187,,A,A3
A3-80,A3,A3,464.5396051221451,465.86467144110856,,A,A3
B1-210,B1,B3,465.1965911082078,466.4803181795979,,B,B1
B2-132,B2,B3,461.6441174706552,469.5530444723713,,B,B2
B2-133,B2,B3,462.19581916773564,469.594711139038,,B,B2
B2-134,B2,B3,465.0581596672442,469.6363778057047,,B,B2
A1-164,A1,A3,456.2506492985458,471.19147897571486,,A,A1
A1-165,A1,A2,463.93633083194936,471.23314564238154,,A,A1
A1-166,A1,A2,465.51311512887173,471.27481230904823,,A,A1
A1-167,A1,A3,465.85648285616253,471.3164789757149,,A,A1
B3-104,B3,B3,470.4200544029442,474.14278608896046,,B,B3
A2-111,A2,A3,464.3883527587351,478.6469629325864,,A,A2
A2-112,A2,A3,469.7223139742687,478.6886295992531,,A,A2
A2-113,A2,A3,470.25489781313695,478.7302962659198,,A,A2
B1-211,B1,B3,466.69500184896685,479.6720345824351,,B,B1
B1-212,B1,B3,471.25929712601294,479.7137012491018,,B,B1
B1-213,B1,B2,473.08817559093455,479.7553679157685,,B,B1
B1-214,B1,B2,475.32496005800726,479.7970345824352,,B,B1
B1-215,B1,B3,475.4657554311155,479.83870124910186,,B,B1
B1-216,B1,B2,479.52527520878095,479.88036791576855,,B,B1
