id,origin,destination,arrival,board,alight,route,bus
B2-1,B2,B3,0.9611697230498703,3.752360655554262,,B,B-Bus-1
B2-2,B2,B3,1.5399405750169084,3.8023606555542617,,B,B-Bus-1
B2-3,B2,B3,2.896818918801503,3.8523606555542615,,B,B-Bus-1
A2-1,A2,A3,0.2852522130932087,5.280941299411567,,A,A-Bus-1
B1-1,B1,B2,2.2435967139174435,6.0,,B,B-Bus-2
B1-2,B1,B3,4.675593306081525,6.05,,B,B-Bus-2
A1-1,A1,A2,0.051743850475430696,7.5,,A,A-Bus-2
A1-2,A1,A2,4.426366130990951,7.55,,A,A-Bus-2
A1-3,A1,A3,5.321074584414442,7.6,,A,A-Bus-2
B2-4,B2,B3,5.624473340366054,11.450978236340216,,B,B-Bus-2
B2-5,B2,B3,11.226364067894014,11.500978236340217,,B,B-Bus-2
B1-3,B1,B2,8.742012350671287,11.754242557135886,,B,B-Bus-1
B1-4,B1,B3,9.479920756919032,11.804242557135886,,B,B-Bus-1
A3-1,A3,A3,3.953194740213624,11.854169214525232,,A,A-Bus-1
B1-5,B1,B2,10.54753199430523,11.854242557135887,,B,B-Bus-1
A3-2,A3,A3,6.480611602286679,11.904169214525233,,A,A-Bus-1
A3-3,A3,A3,9.886296070503361,11.954169214525233,,A,A-Bus-1
A3-4,A3,A3,11.243442461042696,12.004169214525234,,A,A-Bus-1
A2-2,A2,A3,14.285334304668387,14.41531806172938,,A,A-Bus-2
B3-1,B3,B3,12.84547735854021,15.747205661948941,,B,B-Bus-2
A1-4,A1,A3,7.652920589111231,17.202399522827626,,A,A-Bus-1
A1-5,A1,A3,11.956745664004519,17.252399522827627,,A,A-Bus-1
B2-6,B2,B3,13.463746212396432,17.36506075632227,,B,B-Bus-1
B1-6,B1,B2,14.601497987030017,19.580421622944726,,B,B-Bus-2
B1-7,B1,B2,18.053172089021302,19.630421622944727,,B,B-Bus-2
B1-8,B1,B2,18.514987899897505,19.680421622944728,,B,B-Bus-2
A3-5,A3,A3,20.825429996416695,22.35545391370552,,A,A-Bus-2
A2-3,A2,A3,15.361217125087485,23.949404711983636,,A,A-Bus-1
A2-4,A2,A3,23.66486567950053,23.999404711983637,,A,A-Bus-1
B1-9,B1,B3,20.62446575874064,26.10012707336451,,B,B-Bus-1
B1-10,B1,B3,21.05531257437753,26.150127073364512,,B,B-Bus-1
B1-11,B1,B3,24.373244497112154,26.200127073364513,,B,B-Bus-1
B1-12,B1,B3,25.46827732278702,26.250127073364514,,B,B-Bus-1
B1-13,B1,B2,25.560633353615707,26.300127073364514,,B,B-Bus-1
B1-14,B1,B3,26.001357374015335,26.350127073364515,,B,B-Bus-1
B3-2,B3,B3,25.3230249686219,26.923670499304976,,B,B-Bus-2
A3-6,A3,A3,24.512309240805767,29.41784728658314,,A,A-Bus-1
A3-7,A3,A3,26.671975895544364,29.46784728658314,,A,A-Bus-1
B2-7,B2,B3,25.10473753570902,30.73173513059435,,B,B-Bus-1
B2-8,B2,B3,26.014212120365794,30.78173513059435,,B,B-Bus-1
B2-9,B2,B3,26.461277727559665,30.83173513059435,,B,B-Bus-1
B2-10,B2,B3,28.367434149688364,30.88173513059435,,B,B-Bus-1
B2-11,B2,B3,28.54280681980684,30.93173513059435,,B,B-Bus-1
B2-12,B2,B3,30.0201223401805,30.981735130594352,,B,B-Bus-1
B2-13,B2,B3,30.077420579400147,31.031735130594353,,B,B-Bus-1
B2-14,B2,B3,30.267848995281458,31.081735130594353,,B,B-Bus-1
B1-15,B1,B3,27.39040344027108,32.236579302699454,,B,B-Bus-2
B1-16,B1,B2,27.63024884474522,32.28657930269945,,B,B-Bus-2
B1-17,B1,B3,31.85063982939252,32.33657930269945,,B,B-Bus-2
A2-5,A2,A3,33.75993190175003,35.52983708904697,,A,A-Bus-2
A1-6,A1,A2,33.05484845830688,36.07229494014622,,A,A-Bus-1
A1-7,A1,A2,35.33405015214685,36.12229494014622,,A,A-Bus-1
B2-15,B2,B3,32.87590180216735,36.87605455841287,,B,B-Bus-2
B2-16,B2,B3,35.11315817824595,36.926054558412865,,B,B-Bus-2
B1-18,B1,B2,35.550756771367475,41.54935805997929,,B,B-Bus-1
B1-19,B1,B3,36.898457450216526,41.59935805997929,,B,B-Bus-1
B1-20,B1,B3,39.43000888950358,41.649358059979285,,B,B-Bus-1
A3-8,A3,A3,32.48760256538842,42.40983402903814,,A,A-Bus-2
A3-9,A3,A3,38.656891599156815,42.459834029038134,,A,A-Bus-2
A3-10,A3,A3,41.0434270480132,42.50983402903813,,A,A-Bus-2
B3-3,B3,B3,39.92922033864947,43.218045298081435,,B,B-Bus-2
B3-4,B3,B3,40.61442707875587,43.26804529808143,,B,B-Bus-2
B3-5,B3,B3,42.92686860395373,43.31804529808143,,B,B-Bus-2
A2-6,A2,A3,39.824247478702574,43.71954297849581,,A,A-Bus-1
A2-7,A2,A3,41.179534208811006,43.76954297849581,,A,A-Bus-1
B2-17,B2,B3,39.10825161572986,45.86843031736933,,B,B-Bus-1
B2-18,B2,B3,40.55424928133333,45.91843031736933,,B,B-Bus-1
B2-19,B2,B3,42.98720215926942,45.968430317369325,,B,B-Bus-1
B2-20,B2,B3,44.556195155465886,46.01843031736932,,B,B-Bus-1
B3-6,B3,B3,46.647251850277144,48.29762700021775,,B,B-Bus-1
B3-7,B3,B3,46.83286729681541,48.34762700021775,,B,B-Bus-1
A1-8,A1,A3,37.17370679731969,49.237495744660464,,A,A-Bus-2
A1-9,A1,A3,38.10387595410547,49.28749574466046,,A,A-Bus-2
A1-10,A1,A3,39.42049283615218,49.33749574466046,,A,A-Bus-2
A1-11,A1,A2,43.88231450722116,49.387495744660455,,A,A-Bus-2
A1-12,A1,A3,45.59490143040057,49.43749574466045,,A,A-Bus-2
B1-21,B1,B2,42.07866158554423,49.64492639574088,,B,B-Bus-2
B1-22,B1,B3,46.98523666204158,49.69492639574088,,B,B-Bus-2
B1-23,B1,B2,48.45700336115816,49.744926395740876,,B,B-Bus-2
A3-11,A3,A3,42.771144051137064,49.760893245812,,A,A-Bus-1
A3-12,A3,A3,43.20269676930275,49.810893245812,,A,A-Bus-1
A3-13,A3,A3,49.36318153501299,49.860893245811994,,A,A-Bus-1
B1-24,B1,B3,50.04036385254905,52.69595824663033,,B,B-Bus-1
B1-25,B1,B3,50.47103273787994,52.74595824663033,,B,B-Bus-1
B2-21,B2,B3,49.46285416131952,54.88545570708218,,B,B-Bus-2
B2-22,B2,B3,49.509650190305784,54.93545570708218,,B,B-Bus-2
B2-23,B2,B3,50.21159807864371,54.985455707082174,,B,B-Bus-2
B2-24,B2,B3,51.884123103517354,55.03545570708217,,B,B-Bus-2
B2-25,B2,B3,53.20207004765682,55.08545570708217,,B,B-Bus-2
A1-13,A1,A2,51.34459528920277,56.26195079982728,,A,A-Bus-1
A1-14,A1,A3,53.12591932076471,56.31195079982728,,A,A-Bus-1
A1-15,A1,A2,53.97083714159266,56.36195079982728,,A,A-Bus-1
A2-8,A2,A3,50.39867861921546,56.666709514748234,,A,A-Bus-2
A2-9,A2,A3,51.4125187401998,56.71670951474823,,A,A-Bus-2
A2-10,A2,A3,51.595660844235326,56.76670951474823,,A,A-Bus-2
A2-11,A2,A3,55.69151174514393,56.816709514748226,,A,A-Bus-2
B3-8,B3,B3,52.815640058527386,59.47618354788662,,B,B-Bus-2
B3-9,B3,B3,54.77553965181031,59.52618354788662,,B,B-Bus-2
B3-10,B3,B3,60.86424294887425,61.75752604744452,,B,B-Bus-1
B1-26,B1,B2,54.136735729375914,62.884229856783016,,B,B-Bus-2
B1-27,B1,B2,59.72239729169187,62.93422985678301,,B,B-Bus-2
A3-14,A3,A3,52.62153283459783,62.98232670022362,,A,A-Bus-2
A3-15,A3,A3,54.56662296217675,63.032326700223614,,A,A-Bus-2
A3-16,A3,A3,54.67211040796916,63.08232670022361,,A,A-Bus-2
A3-17,A3,A3,58.28507020298271,63.13232670022361,,A,A-Bus-2
A3-18,A3,A3,62.40862317001589,63.182326700223605,,A,A-Bus-2
B1-28,B1,B2,63.08915913514592,67.73875328267246,,B,B-Bus-1
A3-19,A3,A3,66.82354715630304,67.75931239318355,,A,A-Bus-1
B1-29,B1,B2,65.87964451213374,67.78875328267246,,B,B-Bus-1
A1-16,A1,A2,57.72376221743543,69.25774118085384,,A,A-Bus-2
A1-17,A1,A2,63.28171953961202,69.30774118085384,,A,A-Bus-2
B2-26,B2,B3,60.54610485209571,69.93177991614185,,B,B-Bus-2
B2-27,B2,B3,63.449160487052744,69.98177991614185,,B,B-Bus-2
B2-28,B2,B3,65.10534435502592,70.03177991614184,,B,B-Bus-2
B2-29,B2,B3,66.27332077786681,70.08177991614184,,B,B-Bus-2
B2-30,B2,B3,67.2112648572175,70.13177991614184,,B,B-Bus-2
B2-31,B2,B3,68.70345983024255,70.18177991614183,,B,B-Bus-2
B2-32,B2,B3,71.52055345233438,73.61106994955813,,B,B-Bus-1
B2-33,B2,B3,72.44423638484272,73.66106994955813,,B,B-Bus-1
A1-18,A1,A2,72.50599265820581,73.79305360221213,,A,A-Bus-1
A2-12,A2,A3,62.798798345872214,74.89501702044798,,A,A-Bus-2
A2-13,A2,A3,66.99495294710199,74.94501702044798,,A,A-Bus-2
A2-14,A2,A3,67.12857454189103,74.99501702044797,,A,A-Bus-2
B3-11,B3,B3,61.829019992302094,76.16947819398489,,B,B-Bus-2
B3-12,B3,B3,62.15025516036476,76.21947819398488,,B,B-Bus-2
B3-13,B3,B3,62.70388516762371,76.26947819398488,,B,B-Bus-2
B3-14,B3,B3,65.08732742381672,76.31947819398488,,B,B-Bus-2
B3-15,B3,B3,67.34104476307652,76.36947819398488,,B,B-Bus-2
B3-16,B3,B3,68.95376030571612,76.41947819398487,,B,B-Bus-2
B3-17,B3,B3,70.92167296344769,76.46947819398487,,B,B-Bus-2
A3-20,A3,A3,74.2154332169452,79.56334696360825,,A,A-Bus-2
A3-21,A3,A3,76.68156677524512,79.61334696360825,,A,A-Bus-2
A3-22,A3,A3,77.32025378229076,79.66334696360825,,A,A-Bus-2
A2-15,A2,A3,75.10084943248827,79.87669952211188,,A,A-Bus-1
B1-30,B1,B2,68.86860957742896,82.86546642809112,,B,B-Bus-2
B1-31,B1,B2,74.65686534537976,82.91546642809112,,B,B-Bus-2
B1-32,B1,B3,77.13799328869106,82.96546642809112,,B,B-Bus-2
B1-33,B1,B2,79.05088814290929,83.01546642809112,,B,B-Bus-2
B1-34,B1,B3,79.15149980152006,83.06546642809111,,B,B-Bus-2
B1-35,B1,B2,80.49353793779318,83.11546642809111,,B,B-Bus-2
B1-36,B1,B2,81.28298294766017,83.16546642809111,,B,B-Bus-2
A1-19,A1,A2,75.68835029558971,84.78407860811114,,A,A-Bus-2
A1-20,A1,A2,79.01085780771844,84.83407860811114,,A,A-Bus-2
A1-21,A1,A3,80.49985823095884,84.88407860811114,,A,A-Bus-2
A1-22,A1,A3,82.24813370213657,84.93407860811114,,A,A-Bus-2
A3-23,A3,A3,81.50639992000058,87.35084622096844,,A,A-Bus-1
B2-34,B2,B3,74.20562842832626,87.89844627289838,,B,B-Bus-2
B2-35,B2,B3,75.73699551690825,87.94844627289838,,B,B-Bus-2
B2-36,B2,B3,76.09888164696797,87.99844627289838,,B,B-Bus-2
B2-37,B2,B3,79.83266015977075,88.04844627289837,,B,B-Bus-2
B2-38,B2,B3,82.56394014639817,88.09844627289837,,B,B-Bus-2
B2-39,B2,B3,84.24366680781966,88.14844627289837,,B,B-Bus-2
A2-16,A2,A3,80.75028585984978,91.25870833626709,,A,A-Bus-2
A2-17,A2,A3,88.41730709693482,91.30870833626709,,A,A-Bus-2
A2-18,A2,A3,89.08643764361248,91.35870833626709,,A,A-Bus-2
A1-23,A1,A3,89.04858633737597,92.10822746586679,,A,A-Bus-1
A1-24,A1,A2,90.89011865164323,92.15822746586679,,A,A-Bus-1
B3-18,B3,B3,77.54145588442337,92.83398890984606,,B,B-Bus-1
B3-19,B3,B3,84.45006242299726,92.88398890984605,,B,B-Bus-1
B3-20,B3,B3,84.99935790732086,92.93398890984605,,B,B-Bus-1
B3-21,B3,B3,86.21803500033874,92.98398890984605,,B,B-Bus-1
B3-22,B3,B3,91.74151025739454,93.03398890984604,,B,B-Bus-1
B1-37,B1,B3,84.8566407455084,96.20771907878004,,B,B-Bus-1
B1-38,B1,B3,86.01493358585522,96.25771907878004,,B,B-Bus-1
B1-39,B1,B2,93.6049697438062,96.30771907878004,,B,B-Bus-1
B1-40,B1,B2,94.71888726314774,96.35771907878004,,B,B-Bus-1
B1-41,B1,B3,96.34757621368976,96.40771907878003,,B,B-Bus-1
A3-24,A3,A3,88.29923271242006,97.72730587873511,,A,A-Bus-2
A3-25,A3,A3,90.32687050992695,97.7773058787351,,A,A-Bus-2
A2-19,A2,A3,96.26237400036798,98.04396496017755,,A,A-Bus-1
A2-20,A2,A3,97.17496897398759,98.09396496017754,,A,A-Bus-1
B2-40,B2,B3,92.35442913993097,100.69619983651258,,B,B-Bus-1
B2-41,B2,B3,97.0697009239287,100.74619983651257,,B,B-Bus-1
B2-42,B2,B3,98.02867087219107,100.79619983651257,,B,B-Bus-1
B2-43,B2,B3,100.20080626735128,100.84619983651257,,B,B-Bus-1
A1-25,A1,A2,94.8488991841038,105.74641073566309,,A,A-Bus-2
A1-26,A1,A3,95.10428206831729,105.79641073566309,,A,A-Bus-2
A1-27,A1,A2,97.4703886669278,105.84641073566308,,A,A-Bus-2
A1-28,A1,A2,97.71475572860913,105.89641073566308,,A,A-Bus-2
B2-44,B2,B3,101.93198321695624,106.15090550448024,,B,B-Bus-2
B2-45,B2,B3,102.35812056492254,106.20090550448023,,B,B-Bus-2
B3-23,B3,B3,94.87847317784625,107.37933084331179,,B,B-Bus-1
B3-24,B3,B3,102.02614743168148,107.42933084331179,,B,B-Bus-1
B3-25,B3,B3,103.96270710153239,107.47933084331179,,B,B-Bus-1
B3-26,B3,B3,104.35579479063242,107.52933084331178,,B,B-Bus-1
B3-27,B3,B3,105.09901521012115,107.57933084331178,,B,B-Bus-1
B3-28,B3,B3,105.80886288369086,107.62933084331178,,B,B-Bus-1
B3-29,B3,B3,105.95167514793268,107.67933084331177,,B,B-Bus-1
B3-30,B3,B3,106.53444519982477,107.72933084331177,,B,B-Bus-1
A1-29,A1,A3,106.62291336537182,108.4905581574341,,A,A-Bus-1
B3-31,B3,B3,109.44925809095312,109.75679616642236,,B,B-Bus-2
A2-21,A2,A3,100.45617630297617,110.20325764465208,,A,A-Bus-2
B1-42,B1,B3,102.68811571979361,112.5416120530597,,B,B-Bus-2
B1-43,B1,B2,105.39808266374544,112.59161205305969,,B,B-Bus-2
B1-44,B1,B2,105.64655216972227,112.64161205305969,,B,B-Bus-2
B1-45,B1,B3,108.2324079995114,112.69161205305969,,B,B-Bus-2
B1-46,B1,B3,109.52381305267673,112.74161205305968,,B,B-Bus-2
B1-47,B1,B3,113.70739415233811,113.87393579548342,,B,B-Bus-1
A3-26,A3,A3,106.44722214867099,116.06523841793494,,A,A-Bus-2
A3-27,A3,A3,106.71870388520584,116.11523841793493,,A,A-Bus-2
A3-28,A3,A3,110.4763044481222,116.16523841793493,,A,A-Bus-2
A3-29,A3,A3,111.86936073793568,116.21523841793493,,A,A-Bus-2
B2-46,B2,B3,115.08183344993411,117.73616916276168,,B,B-Bus-1
B2-47,B2,B3,115.17930997578698,117.78616916276168,,B,B-Bus-1
B2-48,B2,B3,119.2380569487894,119.5014168462658,,B,B-Bus-2
B3-32,B3,B3,112.99594822817518,121.60273568650534,,B,B-Bus-1
B3-33,B3,B3,116.6628975342945,121.65273568650534,,B,B-Bus-1
A1-30,A1,A3,111.59363049613248,122.9825361498026,,A,A-Bus-2
A1-31,A1,A3,112.64909103941748,123.0325361498026,,A,A-Bus-2
A1-32,A1,A3,113.85764230785423,123.08253614980259,,A,A-Bus-2
A1-33,A1,A2,114.40637943650555,123.13253614980259,,A,A-Bus-2
A1-34,A1,A3,114.97688683060156,123.18253614980259,,A,A-Bus-2
A1-35,A1,A2,117.13056572840989,123.23253614980258,,A,A-Bus-2
A1-36,A1,A2,119.12536745631435,123.28253614980258,,A,A-Bus-2
A1-37,A1,A3,119.90657617226479,123.33253614980258,,A,A-Bus-2
A1-38,A1,A3,121.13200189701872,123.38253614980258,,A,A-Bus-2
B1-48,B1,B2,115.24681633895663,126.33637103201823,,B,B-Bus-1
B1-49,B1,B2,116.71003039202014,126.38637103201823,,B,B-Bus-1
B3-34,B3,B3,125.18105103148126,126.39026789093259,,B,B-Bus-2
B1-50,B1,B3,122.18717603225689,126.43637103201823,,B,B-Bus-1
A2-22,A2,A3,114.35137800166818,128.60761466918908,,A,A-Bus-2
A2-23,A2,A3,121.77603294994083,128.6576146691891,,A,A-Bus-2
A2-24,A2,A3,122.49465551932393,128.7076146691891,,A,A-Bus-2
A2-25,A2,A3,124.19910165833417,128.7576146691891,,A,A-Bus-2
B2-49,B2,B3,120.07982011693635,131.09210346249446,,B,B-Bus-1
B2-50,B2,B3,122.7903221728541,131.14210346249448,,B,B-Bus-1
B2-51,B2,B3,125.57608925491695,131.1921034624945,,B,B-Bus-1
B2-52,B2,B3,127.64283388572528,131.2421034624945,,B,B-Bus-1
B2-53,B2,B3,131.03967224221904,131.2921034624945,,B,B-Bus-1
B2-54,B2,B3,131.3349021312557,131.34210346249452,,B,B-Bus-1
B1-51,B1,B2,126.49522712736226,132.1034094111856,,B,B-Bus-2
B1-52,B1,B3,131.4498912121651,132.1534094111856,,B,B-Bus-2
A3-30,A3,A3,133.74449391327693,135.63648304411757,,A,A-Bus-2
A3-31,A3,A3,135.96606811076907,136.8161984766472,,A,A-Bus-1
B3-35,B3,B3,131.50030740444208,137.4213060846965,,B,B-Bus-1
B2-55,B2,B3,131.4194457080156,138.6487576665019,,B,B-Bus-2
B2-56,B2,B3,131.56200643960105,138.6987576665019,,B,B-Bus-2
B2-57,B2,B3,131.7298031059057,138.74875766650192,,B,B-Bus-2
B2-58,B2,B3,135.8873147071198,138.79875766650193,,B,B-Bus-2
B1-53,B1,B3,132.86288480812652,140.92661305635968,,B,B-Bus-1
B1-54,B1,B3,133.02331546518872,140.9766130563597,,B,B-Bus-1
B1-55,B1,B2,133.0815544483445,141.0266130563597,,B,B-Bus-1
B1-56,B1,B3,134.87279335544324,141.07661305635972,,B,B-Bus-1
B1-57,B1,B2,134.98466260017227,141.12661305635973,,B,B-Bus-1
B1-58,B1,B2,137.61246175634898,141.17661305635974,,B,B-Bus-1
B1-59,B1,B2,137.8413495603885,141.22661305635975,,B,B-Bus-1
B1-60,B1,B3,139.6730874192176,141.27661305635976,,B,B-Bus-1
B1-61,B1,B2,140.21232330445486,141.32661305635978,,B,B-Bus-1
A1-39,A1,A2,133.47851605219293,142.825528664657,,A,A-Bus-2
A1-40,A1,A3,136.25094485721084,142.87552866465703,,A,A-Bus-2
A1-41,A1,A2,136.99904565346827,142.92552866465704,,A,A-Bus-2
A1-42,A1,A2,137.94995143059424,142.97552866465705,,A,A-Bus-2
A1-43,A1,A3,143.5212332420211,144.05808301211601,,A,A-Bus-1
A1-44,A1,A2,143.67927115751732,144.10808301211603,,A,A-Bus-1
B2-59,B2,B3,142.353380206066,145.0077145440997,,B,B-Bus-1
B3-36,B3,B3,138.02177263935465,145.58265438187155,,B,B-Bus-2
B3-37,B3,B3,141.46438384402768,145.63265438187156,,B,B-Bus-2
A2-26,A2,A3,134.55670698558623,147.41333007875312,,A,A-Bus-2
A2-27,A2,A3,139.2073254502365,147.46333007875313,,A,A-Bus-2
A2-28,A2,A3,148.5081661122542,149.98678542469943,,A,A-Bus-1
B1-62,B1,B2,141.51965078176522,150.85208863345503,,B,B-Bus-2
B1-63,B1,B2,142.0321249595054,150.90208863345504,,B,B-Bus-2
B1-64,B1,B2,148.65855769867417,150.95208863345505,,B,B-Bus-2
B1-65,B1,B2,150.94657168970843,151.00208863345506,,B,B-Bus-2
B1-66,B1,B3,151.74592964990586,153.64425960476822,,B,B-Bus-1
B1-67,B1,B2,152.3649105861246,153.69425960476823,,B,B-Bus-1
B1-68,B1,B3,152.60020804177222,153.74425960476825,,B,B-Bus-1
B2-60,B2,B3,146.5978058422441,156.8738792897476,,B,B-Bus-2
B2-61,B2,B3,151.79239766639816,156.92387928974762,,B,B-Bus-2
A3-32,A3,A3,152.9940027300123,156.95912175563183,,A,A-Bus-1
B2-62,B2,B3,155.028602701296,156.97387928974763,,B,B-Bus-2
A1-45,A1,A2,146.65144112622485,157.9606675202732,,A,A-Bus-2
A1-46,A1,A3,149.65678144425704,158.01066752027322,,A,A-Bus-2
A1-47,A1,A2,150.160613453245,158.06066752027323,,A,A-Bus-2
B3-38,B3,B3,148.55102598129852,162.08542561021335,,B,B-Bus-2
B3-39,B3,B3,148.61536275432582,162.13542561021336,,B,B-Bus-2
B3-40,B3,B3,151.6049329861948,162.18542561021337,,B,B-Bus-2
B3-41,B3,B3,152.0311013224024,162.23542561021338,,B,B-Bus-2
A2-29,A2,A3,150.45195874375193,163.0646136676077,,A,A-Bus-2
A2-30,A2,A3,155.17670614393694,163.1146136676077,,A,A-Bus-2
A2-31,A2,A3,161.8656019461001,163.1646136676077,,A,A-Bus-2
A1-48,A1,A3,160.85081578695693,163.203467912536,,A,A-Bus-1
B1-69,B1,B3,157.55254825034478,168.11022369650777,,B,B-Bus-1
B1-70,B1,B3,158.66787841628823,168.16022369650779,,B,B-Bus-1
B1-71,B1,B3,161.25290370495435,168.2102236965078,,B,B-Bus-1
B1-72,B1,B2,164.66794077602566,168.2602236965078,,B,B-Bus-1
A3-33,A3,A3,160.14911979024848,170.37820572819618,,A,A-Bus-2
A3-34,A3,A3,161.73261377478357,170.4282057281962,,A,A-Bus-2
A3-35,A3,A3,163.40130509518005,170.4782057281962,,A,A-Bus-2
A3-36,A3,A3,163.6436632479407,170.5282057281962,,A,A-Bus-2
B2-63,B2,B3,158.49486634065403,171.79144375785577,,B,B-Bus-2
B2-64,B2,B3,162.672924570958,171.84144375785579,,B,B-Bus-2
B2-65,B2,B3,164.61846827020966,171.8914437578558,,B,B-Bus-2
B2-66,B2,B3,166.50053553820624,171.9414437578558,,B,B-Bus-2
B2-67,B2,B3,167.72990410753914,171.99144375785582,,B,B-Bus-2
A1-49,A1,A2,168.25061422949383,175.26095656147484,,A,A-Bus-2
A1-50,A1,A3,169.8947099498553,175.31095656147485,,A,A-Bus-2
A1-51,A1,A2,171.01657084668554,175.36095656147486,,A,A-Bus-2
B3-42,B3,B3,166.4705301846216,177.87236888177367,,B,B-Bus-2
B3-43,B3,B3,167.17179211957892,177.92236888177368,,B,B-Bus-2
A1-52,A1,A2,176.89802156475244,182.09864070053985,,A,A-Bus-1
A1-53,A1,A2,179.78877337977397,182.14864070053986,,A,A-Bus-1
A1-54,A1,A2,181.80008640157325,182.19864070053987,,A,A-Bus-1
B1-73,B1,B2,169.45106196274043,184.83707107177563,,B,B-Bus-2
B1-74,B1,B2,175.35163041032547,184.88707107177564,,B,B-Bus-2
B1-75,B1,B3,178.429081420164,184.93707107177565,,B,B-Bus-2
B1-76,B1,B2,182.68366313361835,184.98707107177566,,B,B-Bus-2
B1-77,B1,B2,183.65221140822678,185.03707107177567,,B,B-Bus-2
B1-78,B1,B2,184.07716527428306,185.08707107177568,,B,B-Bus-2
A3-37,A3,A3,175.78318433856467,185.59666671247072,,A,A-Bus-2
A3-38,A3,A3,181.77850439702627,185.64666671247073,,A,A-Bus-2
B2-68,B2,B3,176.53304633048975,191.3991848142247,,B,B-Bus-1
B2-69,B2,B3,177.14258415874534,191.4491848142247,,B,B-Bus-1
B2-70,B2,B3,179.89410629244918,191.46201657438348,,B,B-Bus-2
B2-71,B2,B3,183.3066587882355,191.49918481422472,,B,B-Bus-1
B2-72,B2,B3,184.90079808195733,191.5120165743835,,B,B-Bus-2
B2-73,B2,B3,186.31507564709108,191.54918481422473,,B,B-Bus-1
A1-55,A1,A3,190.14223351111957,192.8994548792657,,A,A-Bus-2
A1-56,A1,A3,190.43933693263108,192.94945487926572,,A,A-Bus-2
A1-57,A1,A2,192.38401527951328,192.99945487926573,,A,A-Bus-2
B3-44,B3,B3,181.54909549748072,197.30865418164788,,B,B-Bus-2
B3-45,B3,B3,182.8164694480562,197.3586541816479,,B,B-Bus-2
B3-46,B3,B3,188.63274903568868,197.4086541816479,,B,B-Bus-2
B3-47,B3,B3,190.80917159095142,197.45865418164792,,B,B-Bus-2
B3-48,B3,B3,193.4888488106811,197.50865418164793,,B,B-Bus-2
A1-58,A1,A3,193.41600308377411,198.23540301682664,,A,A-Bus-1
A1-59,A1,A3,196.15443158732188,198.28540301682665,,A,A-Bus-1
A1-60,A1,A2,197.28085609088447,198.33540301682666,,A,A-Bus-1
A1-61,A1,A2,198.09050359868314,198.38540301682667,,A,A-Bus-1
A2-32,A2,A3,189.91038000318002,199.0114457652082,,A,A-Bus-2
A2-33,A2,A3,191.62477569739195,199.06144576520822,,A,A-Bus-2
A2-34,A2,A3,192.56746925065795,199.11144576520823,,A,A-Bus-2
A2-35,A2,A3,192.95164974086757,199.16144576520824,,A,A-Bus-2
A2-36,A2,A3,194.18054881201076,199.21144576520825,,A,A-Bus-2
B1-79,B1,B3,187.27846006833468,200.99892928540058,,B,B-Bus-2
B1-80,B1,B2,189.5929666427461,201.0489292854006,,B,B-Bus-2
B1-81,B1,B3,193.52463568354318,201.0989292854006,,B,B-Bus-2
B1-82,B1,B2,194.77753418857552,201.1489292854006,,B,B-Bus-2
B1-83,B1,B2,195.89111880140294,201.19892928540062,,B,B-Bus-2
B1-84,B1,B3,200.79405962606663,201.24892928540064,,B,B-Bus-2
A2-37,A2,A3,203.10487231994333,203.14956801062115,,A,A-Bus-1
A3-39,A3,A3,197.42782075882906,205.89843454064268,,A,A-Bus-2
A3-40,A3,A3,199.3259658446753,205.9484345406427,,A,A-Bus-2
A3-41,A3,A3,201.72996110932817,205.9984345406427,,A,A-Bus-2
B2-74,B2,B3,200.60592220248384,206.18672184411375,,B,B-Bus-1
A3-42,A3,A3,207.99459272171617,208.62149265402087,,A,A-Bus-1
A3-43,A3,A3,208.61706329258746,208.67149265402088,,A,A-Bus-1
B3-49,B3,B3,200.40347986096103,209.88765013064895,,B,B-Bus-1
B3-50,B3,B3,200.899454864548,209.93765013064896,,B,B-Bus-1
B3-51,B3,B3,209.13621227963134,209.98765013064897,,B,B-Bus-1
A1-62,A1,A2,200.57116406237995,211.44121828896587,,A,A-Bus-2
A1-63,A1,A3,201.82393147156102,211.49121828896588,,A,A-Bus-2
A1-64,A1,A2,203.19900903032226,211.5412182889659,,A,A-Bus-2
A1-65,A1,A3,205.7252366621914,211.5912182889659,,A,A-Bus-2
A1-66,A1,A3,205.88927056755665,211.64121828896592,,A,A-Bus-2
A1-67,A1,A3,208.0596989729123,211.69121828896593,,A,A-Bus-2
B3-52,B3,B3,212.42738315286178,213.7606786705695,,B,B-Bus-2
B1-85,B1,B2,202.92417059536336,213.79791915233872,,B,B-Bus-1
B1-86,B1,B3,206.22869527823255,213.84791915233873,,B,B-Bus-1
B1-87,B1,B3,209.60509076252748,213.89791915233874,,B,B-Bus-1
B1-88,B1,B2,211.30848440985562,213.94791915233876,,B,B-Bus-1
B1-89,B1,B3,211.9551829640938,213.99791915233877,,B,B-Bus-1
B1-90,B1,B2,213.3596167415934,214.04791915233878,,B,B-Bus-1
A1-68,A1,A3,213.54073812057055,214.28194473402488,,A,A-Bus-1
A2-38,A2,A3,214.39792182441448,217.94751669268277,,A,A-Bus-2
B2-75,B2,B3,208.49993325226168,219.41318608376972,,B,B-Bus-1
B2-76,B2,B3,215.0274596256019,219.46318608376973,,B,B-Bus-1
A2-39,A2,A3,218.92404998157923,220.0069302501504,,A,A-Bus-1
A2-40,A2,A3,219.7004235155228,220.0569302501504,,A,A-Bus-1
B1-91,B1,B2,216.35435236456982,220.15956242642787,,B,B-Bus-2
B1-92,B1,B2,216.6133358288612,220.20956242642788,,B,B-Bus-2
B1-93,B1,B3,217.29681775651756,220.2595624264279,,B,B-Bus-2
B1-94,B1,B3,218.39612037369412,220.3095624264279,,B,B-Bus-2
A3-44,A3,A3,212.99080244323918,224.75994910572265,,A,A-Bus-2
A3-45,A3,A3,218.35814590899577,224.80994910572267,,A,A-Bus-2
B3-53,B3,B3,218.2503404710777,225.79564861790627,,B,B-Bus-1
B3-54,B3,B3,223.30726318244868,225.84564861790628,,B,B-Bus-1
A1-69,A1,A3,215.62615580155133,231.30035877820958,,A,A-Bus-2
A1-70,A1,A3,218.67570575380174,231.3503587782096,,A,A-Bus-2
A1-71,A1,A3,220.47817811452418,231.4003587782096,,A,A-Bus-2
A1-72,A1,A2,225.36878890019676,231.45035877820962,,A,A-Bus-2
A1-73,A1,A3,226.52157301702434,231.50035877820963,,A,A-Bus-2
A1-74,A1,A3,229.49304219073474,231.55035877820964,,A,A-Bus-2
A1-75,A1,A2,230.64965764186616,231.60035877820965,,A,A-Bus-2
B1-95,B1,B2,221.26939815197127,231.89356403365707,,B,B-Bus-1
B1-96,B1,B3,222.06817713556057,231.94356403365708,,B,B-Bus-1
B2-77,B2,B3,226.88708486501753,236.7043318561874,,B,B-Bus-1
B2-78,B2,B3,231.115807005897,236.7543318561874,,B,B-Bus-1
A2-41,A2,A3,225.81839837011321,237.75653264996788,,A,A-Bus-2
A2-42,A2,A3,226.34104364830117,237.8065326499679,,A,A-Bus-2
A2-43,A2,A3,229.3173883602208,237.8565326499679,,A,A-Bus-2
A2-44,A2,A3,229.44027001086243,237.90653264996791,,A,A-Bus-2
A2-45,A2,A3,232.04895767417685,237.95653264996793,,A,A-Bus-2
B1-97,B1,B2,233.4751659028752,238.08280139659033,,B,B-Bus-2
B1-98,B1,B2,234.96732081267066,238.13280139659034,,B,B-Bus-2
B1-99,B1,B2,235.0498887712035,238.18280139659035,,B,B-Bus-2
B1-100,B1,B2,236.74743517235345,238.23280139659036,,B,B-Bus-2
B1-101,B1,B2,237.01461969774635,238.28280139659037,,B,B-Bus-2
B3-55,B3,B3,232.53070558575575,240.86825371989204,,B,B-Bus-1
B3-56,B3,B3,239.76834588380424,240.91825371989205,,B,B-Bus-1
B2-79,B2,B3,237.89439479295788,243.86442755717536,,B,B-Bus-2
A3-46,A3,A3,228.95307685315967,244.5129733936312,,A,A-Bus-2
A3-47,A3,A3,236.18067101148006,244.5629733936312,,A,A-Bus-2
A3-48,A3,A3,237.53387372582958,244.61297339363122,,A,A-Bus-2
A3-49,A3,A3,239.5595518909244,244.66297339363123,,A,A-Bus-2
A3-50,A3,A3,241.96636724813325,244.71297339363124,,A,A-Bus-2
B1-102,B1,B2,241.61431336804037,246.49072763180442,,B,B-Bus-1
B1-103,B1,B3,242.2960453338497,246.54072763180443,,B,B-Bus-1
B3-57,B3,B3,246.97002835280034,249.040541625536,,B,B-Bus-2
A1-76,A1,A3,232.78574362467413,250.60695794061093,,A,A-Bus-2
A1-77,A1,A2,233.95615186779835,250.65695794061094,,A,A-Bus-2
A1-78,A1,A2,235.28161844758566,250.70695794061095,,A,A-Bus-2
A1-79,A1,A3,236.58585478160558,250.75695794061096,,A,A-Bus-2
A1-80,A1,A2,238.61176607608863,250.80695794061097,,A,A-Bus-2
A1-81,A1,A3,238.90187599860502,250.85695794061098,,A,A-Bus-2
A1-82,A1,A2,245.29593540103136,250.906957940611,,A,A-Bus-2
A1-83,A1,A2,247.7467058942716,250.956957940611,,A,A-Bus-2
A1-84,A1,A3,249.3287330725013,251.00695794061102,,A,A-Bus-2
A1-85,A1,A3,250.3371744068538,251.05695794061103,,A,A-Bus-2
B2-80,B2,B3,244.736722715485,251.1371693324731,,B,B-Bus-1
B2-81,B2,B3,245.9444351195983,251.1871693324731,,B,B-Bus-1
B2-82,B2,B3,250.33079812346887,251.23716933247312,,B,B-Bus-1
B2-83,B2,B3,251.24537345175855,251.28716933247313,,B,B-Bus-1
B1-104,B1,B3,247.08380991964117,255.57205123130973,,B,B-Bus-2
B1-105,B1,B3,247.10001694497922,255.62205123130974,,B,B-Bus-2
B1-106,B1,B3,251.97667681371195,255.67205123130975,,B,B-Bus-2
B1-107,B1,B2,252.10580989277375,255.72205123130976,,B,B-Bus-2
B1-108,B1,B2,253.78628126934927,255.77205123130977,,B,B-Bus-2
A2-46,A2,A3,247.94195374075537,256.73303211190904,,A,A-Bus-1
A2-47,A2,A3,255.53137099223474,256.78303211190905,,A,A-Bus-1
A2-48,A2,A3,256.06784553206387,256.83303211190906,,A,A-Bus-1
A2-49,A2,A3,256.0945307275974,256.8830321119091,,A,A-Bus-1
A2-50,A2,A3,256.8052875420696,256.9330321119091,,A,A-Bus-1
B3-58,B3,B3,254.2894170310191,257.40926723524757,,B,B-Bus-1
B3-59,B3,B3,255.66084333013632,257.4592672352476,,B,B-Bus-1
A2-51,A2,A3,258.8178674897142,259.16243443968256,,A,A-Bus-2
B2-84,B2,B3,254.7802907754616,261.6432776650027,,B,B-Bus-2
A3-51,A3,A3,245.9004323127379,261.67856704751983,,A,A-Bus-1
B2-85,B2,B3,255.12590112313825,261.6932776650027,,B,B-Bus-2
A3-52,A3,A3,253.2415449991924,261.72856704751985,,A,A-Bus-1
A3-53,A3,A3,257.05989083625013,261.77856704751986,,A,A-Bus-1
A3-54,A3,A3,260.52634840729326,261.82856704751987,,A,A-Bus-1
B1-109,B1,B2,260.550586355474,263.3251007749509,,B,B-Bus-1
B1-110,B1,B2,263.09321840142815,263.3751007749509,,B,B-Bus-1
A1-86,A1,A2,254.10834691305368,267.7117923551656,,A,A-Bus-1
A1-87,A1,A3,255.99522220769595,267.7617923551656,,A,A-Bus-1
A1-88,A1,A2,256.28180398577723,267.8117923551656,,A,A-Bus-1
A1-89,A1,A2,256.60392428661527,267.8617923551656,,A,A-Bus-1
A1-90,A1,A2,258.0491493472546,267.91179235516563,,A,A-Bus-1
A1-91,A1,A2,261.2159264482773,267.96179235516564,,A,A-Bus-1
A1-92,A1,A2,264.7650140084858,268.01179235516565,,A,A-Bus-1
A1-93,A1,A3,266.5509161918654,268.06179235516566,,A,A-Bus-1
A1-94,A1,A3,266.5977339115466,268.1117923551657,,A,A-Bus-1
A1-95,A1,A2,267.78658183395277,268.1617923551657,,A,A-Bus-1
B3-60,B3,B3,264.6688884563793,268.2784357423622,,B,B-Bus-2
B2-86,B2,B3,262.2295801274661,269.1384518972414,,B,B-Bus-1
B2-87,B2,B3,262.3523800049842,269.1884518972414,,B,B-Bus-1
B2-88,B2,B3,267.74158861457386,269.2384518972414,,B,B-Bus-1
B2-89,B2,B3,268.0204769195802,269.28845189724143,,B,B-Bus-1
B1-111,B1,B3,267.4860580705715,273.4408029104033,,B,B-Bus-2
B1-112,B1,B2,269.2292512322463,273.4908029104033,,B,B-Bus-2
B1-113,B1,B2,271.1823914930853,273.54080291040333,,B,B-Bus-2
A2-52,A2,A3,262.6327848244824,273.58461524680916,,A,A-Bus-1
A2-53,A2,A3,265.8740189277462,273.6346152468092,,A,A-Bus-1
A2-54,A2,A3,266.323415656223,273.6846152468092,,A,A-Bus-1
A2-55,A2,A3,268.1145025487202,273.7346152468092,,A,A-Bus-1
A2-56,A2,A3,272.1832591527271,273.7846152468092,,A,A-Bus-1
A2-57,A2,A3,274.16084473945165,277.31339196041034,,A,A-Bus-2
B2-90,B2,B3,269.4902621261086,277.9167753265082,,B,B-Bus-2
B2-91,B2,B3,275.2489594143546,277.9667753265082,,B,B-Bus-2
B2-92,B2,B3,275.3245102059233,278.0167753265082,,B,B-Bus-2
B2-93,B2,B3,276.21188059896895,278.0667753265082,,B,B-Bus-2
B2-94,B2,B3,277.455306709118,278.1167753265082,,B,B-Bus-2
B1-114,B1,B2,276.9395242467326,278.5768893238119,,B,B-Bus-1
B1-115,B1,B3,277.19808461556937,278.6268893238119,,B,B-Bus-1
A3-55,A3,A3,269.23685815898193,280.2784546682971,,A,A-Bus-1
A3-56,A3,A3,273.83684630094774,280.3284546682971,,A,A-Bus-1
A3-57,A3,A3,275.88386504017996,280.37845466829714,,A,A-Bus-1
A3-58,A3,A3,277.3798797952926,280.42845466829715,,A,A-Bus-1
B3-61,B3,B3,275.25916758950075,282.35114352192056,,B,B-Bus-2
B3-62,B3,B3,280.14887713397513,282.4011435219206,,B,B-Bus-2
B2-95,B2,B3,278.40785538432374,284.9506224050052,,B,B-Bus-1
B2-96,B2,B3,278.6713357064276,285.00062240500523,,B,B-Bus-1
B2-97,B2,B3,278.8653698542979,285.05062240500524,,B,B-Bus-1
B2-98,B2,B3,282.53166777514775,285.10062240500525,,B,B-Bus-1
A1-96,A1,A3,279.8847784430211,286.4280011520261,,A,A-Bus-1
A1-97,A1,A2,283.3283897805458,286.47800115202614,,A,A-Bus-1
A1-98,A1,A2,285.7608441934382,286.52800115202615,,A,A-Bus-1
B1-116,B1,B3,278.7889163589756,286.9591911206964,,B,B-Bus-2
B1-117,B1,B2,284.5358107914025,287.0091911206964,,B,B-Bus-2
B1-118,B1,B3,286.27519022731246,287.0591911206964,,B,B-Bus-2
B1-119,B1,B2,286.35153516717713,287.10919112069644,,B,B-Bus-2
B3-63,B3,B3,283.98669365984944,288.4245060576867,,B,B-Bus-1
A2-58,A2,A3,278.1207809349547,290.1267970943639,,A,A-Bus-1
A2-59,A2,A3,282.4305237873625,290.1767970943639,,A,A-Bus-1
A2-60,A2,A3,285.03456220902586,290.2267970943639,,A,A-Bus-1
B2-99,B2,B3,291.1042485156204,292.15566796183396,,B,B-Bus-2
A3-59,A3,A3,286.3980786498868,296.083679521695,,A,A-Bus-1
A3-60,A3,A3,287.16096686170494,296.133679521695,,A,A-Bus-1
A3-61,A3,A3,295.82719200333185,296.183679521695,,A,A-Bus-1
A2-61,A2,A3,293.3280426939444,296.6142435782273,,A,A-Bus-2
B2-100,B2,B3,292.61352964038616,300.4360133524936,,B,B-Bus-1
B2-101,B2,B3,293.8922858696788,300.4860133524936,,B,B-Bus-1
A1-99,A1,A3,289.38123058162006,301.3747187808813,,A,A-Bus-1
A1-100,A1,A3,289.8216006552314,301.42471878088134,,A,A-Bus-1
A1-101,A1,A2,292.802579439944,301.47471878088135,,A,A-Bus-1
B1-120,B1,B2,298.3423905200655,303.4573725161909,,B,B-Bus-2
B1-121,B1,B2,299.68190338135673,303.5073725161909,,B,B-Bus-2
B1-122,B1,B2,301.57438941314,303.5573725161909,,B,B-Bus-2
A3-62,A3,A3,301.31903217052894,304.03511723622296,,A,A-Bus-2
A3-63,A3,A3,302.9017831219933,304.08511723622297,,A,A-Bus-2
B2-102,B2,B3,304.2145347740844,308.72780423480486,,B,B-Bus-2
A2-62,A2,A3,298.2500952764017,308.91539378991985,,A,A-Bus-1
A2-63,A2,A3,298.5890618839426,308.96539378991986,,A,A-Bus-1
A2-64,A2,A3,303.71799870890015,309.01539378991987,,A,A-Bus-1
A2-65,A2,A3,306.60397763152474,309.0653937899199,,A,A-Bus-1
B1-123,B1,B2,304.62296396025926,309.7160920608296,,B,B-Bus-1
B1-124,B1,B2,308.84417586414537,309.76609206082964,,B,B-Bus-1
A1-102,A1,A2,305.0786773347798,310.23299920451063,,A,A-Bus-2
A1-103,A1,A2,305.41527449941424,310.28299920451065,,A,A-Bus-2
A1-104,A1,A2,309.98590115254564,310.33299920451066,,A,A-Bus-2
B3-64,B3,B3,310.8321471988718,313.31813424814453,,B,B-Bus-2
B3-65,B3,B3,312.3421423178853,313.36813424814454,,B,B-Bus-2
B3-66,B3,B3,312.54802842636485,313.41813424814455,,B,B-Bus-2
A3-64,A3,A3,306.28974602067603,314.80487612958507,,A,A-Bus-1
A3-65,A3,A3,307.1774528244628,314.8548761295851,,A,A-Bus-1
A3-66,A3,A3,310.6983490561311,314.9048761295851,,A,A-Bus-1
A2-66,A2,A3,314.12818327997263,316.2315944861345,,A,A-Bus-2
B1-125,B1,B2,310.67057173452105,318.3292858856726,,B,B-Bus-2
B1-126,B1,B3,310.8063890751143,318.37928588567263,,B,B-Bus-2
B1-127,B1,B2,311.07996962872295,318.42928588567264,,B,B-Bus-2
B1-128,B1,B3,315.9174435298123,318.47928588567265,,B,B-Bus-2
B1-129,B1,B3,318.1078492517549,318.52928588567266,,B,B-Bus-2
B3-67,B3,B3,314.2557384706578,318.9821158229676,,B,B-Bus-1
A1-105,A1,A3,315.3925755003561,319.7595891537787,,A,A-Bus-1
A1-106,A1,A2,319.6257910509825,319.8095891537787,,A,A-Bus-1
A3-67,A3,A3,320.2936109781572,322.4022273529198,,A,A-Bus-2
A3-68,A3,A3,320.48854103956063,322.4522273529198,,A,A-Bus-2
B2-103,B2,B3,318.5690444356762,324.7578219913631,,B,B-Bus-2
B2-104,B2,B3,320.0233589207497,324.8078219913631,,B,B-Bus-2
B2-105,B2,B3,323.8199420440426,324.8578219913631,,B,B-Bus-2
A2-67,A2,A3,322.2466538087167,325.4143563053965,,A,A-Bus-1
A2-68,A2,A3,324.5390234343391,325.4643563053965,,A,A-Bus-1
A1-107,A1,A3,320.37762110314964,328.40792050039346,,A,A-Bus-2
A1-108,A1,A3,320.4421994119119,328.45792050039347,,A,A-Bus-2
A1-109,A1,A2,322.5759031620076,328.5079205003935,,A,A-Bus-2
A1-110,A1,A2,323.7039214691997,328.5579205003935,,A,A-Bus-2
A1-111,A1,A2,327.0619255694536,328.6079205003935,,A,A-Bus-2
B2-106,B2,B3,325.3098100497753,328.77531743108835,,B,B-Bus-1
B2-107,B2,B3,326.123254171589,328.82531743108837,,B,B-Bus-1
B2-108,B2,B3,327.7954426425008,328.8753174310884,,B,B-Bus-1
B3-68,B3,B3,322.9667756730141,330.2967038015186,,B,B-Bus-2
B3-69,B3,B3,328.5688397761857,330.34670380151863,,B,B-Bus-2
A2-69,A2,A3,325.7301231392406,335.0301594566647,,A,A-Bus-2
A2-70,A2,A3,334.58126699745003,335.0801594566647,,A,A-Bus-2
B1-130,B1,B2,325.1847975386976,335.83131788607284,,B,B-Bus-2
B1-131,B1,B2,331.0656341513285,335.88131788607285,,B,B-Bus-2
B1-132,B1,B3,331.11266784582534,335.93131788607286,,B,B-Bus-2
B1-133,B1,B2,332.27251615310774,335.9813178860729,,B,B-Bus-2
A1-112,A1,A3,329.61299940492466,337.338366159534,,A,A-Bus-1
A1-113,A1,A3,330.12692590990355,337.38836615953403,,A,A-Bus-1
A1-114,A1,A2,330.93032986974094,337.43836615953404,,A,A-Bus-1
A1-115,A1,A2,332.09950916230224,337.48836615953405,,A,A-Bus-1
B1-134,B1,B3,338.0305457366356,340.109294654274,,B,B-Bus-1
B1-135,B1,B3,338.0570998817668,340.159294654274,,B,B-Bus-1
A3-69,A3,A3,332.64192177238226,340.85516758254875,,A,A-Bus-2
A2-71,A2,A3,338.918445403684,343.31252138928767,,A,A-Bus-1
A2-72,A2,A3,339.6620273686589,343.3625213892877,,A,A-Bus-1
A2-73,A2,A3,341.6485987823016,343.4125213892877,,A,A-Bus-1
A2-74,A2,A3,342.64476303459736,343.4625213892877,,A,A-Bus-1
B2-109,B2,B3,331.30689815389945,343.5799257213744,,B,B-Bus-2
B2-110,B2,B3,332.56442924708017,343.62992572137443,,B,B-Bus-2
B2-111,B2,B3,335.088453576312,343.67992572137445,,B,B-Bus-2
B2-112,B2,B3,346.4347632944095,346.6720784144896,,B,B-Bus-1
A3-70,A3,A3,342.014692846539,347.9359813630412,,A,A-Bus-1
A1-116,A1,A3,337.58775143492767,349.1460367327912,,A,A-Bus-2
A1-117,A1,A3,338.3264944489049,349.1960367327912,,A,A-Bus-2
A1-118,A1,A3,343.2746603098023,349.2460367327912,,A,A-Bus-2
A1-119,A1,A2,348.1050072433563,349.2960367327912,,A,A-Bus-2
B3-70,B3,B3,334.3421898221453,349.897272626944,,B,B-Bus-2
B3-71,B3,B3,344.45342782904555,349.947272626944,,B,B-Bus-2
B3-72,B3,B3,346.9693868496896,349.99727262694404,,B,B-Bus-2
B3-73,B3,B3,347.47199609669195,350.04727262694405,,B,B-Bus-2
B3-74,B3,B3,348.3490117799824,350.09727262694406,,B,B-Bus-2
B1-136,B1,B3,343.76231265987525,354.1385894784703,,B,B-Bus-2
B1-137,B1,B3,344.1781653092913,354.1885894784703,,B,B-Bus-2
B1-138,B1,B2,354.2297131146232,354.2385894784703,,B,B-Bus-2
A1-120,A1,A3,349.5403652051622,354.49202871933295,,A,A-Bus-1
A1-121,A1,A2,353.3692971140917,354.54202871933296,,A,A-Bus-1
A2-75,A2,A3,345.6776601661402,355.7987032485254,,A,A-Bus-2
A2-76,A2,A3,347.65939136364193,355.8487032485254,,A,A-Bus-2
A2-77,A2,A3,347.83418214885324,355.8987032485254,,A,A-Bus-2
A2-78,A2,A3,351.0594335613042,355.9487032485254,,A,A-Bus-2
A2-79,A2,A3,353.29723936198025,355.99870324852543,,A,A-Bus-2
A2-80,A2,A3,354.2802513473134,356.04870324852544,,A,A-Bus-2
A2-81,A2,A3,355.54158619442507,356.09870324852545,,A,A-Bus-2
B2-113,B2,B3,346.7597150912011,359.53815722656367,,B,B-Bus-2
B2-114,B2,B3,355.16610626526847,359.5881572265637,,B,B-Bus-2
B2-115,B2,B3,358.14486904790016,359.6381572265637,,B,B-Bus-2
B1-139,B1,B3,356.23736736145196,360.0072119547959,,B,B-Bus-1
A3-71,A3,A3,351.99700240609843,362.17547377541223,,A,A-Bus-2
A3-72,A3,A3,352.6391743959915,362.22547377541224,,A,A-Bus-2
A3-73,A3,A3,352.733337656662,362.27547377541225,,A,A-Bus-2
A3-74,A3,A3,353.8544769942056,362.32547377541226,,A,A-Bus-2
A3-75,A3,A3,355.47509186070954,362.3754737754123,,A,A-Bus-2
A3-76,A3,A3,355.5533076549638,362.4254737754123,,A,A-Bus-2
A3-77,A3,A3,356.577907255549,362.4754737754123,,A,A-Bus-2
A3-78,A3,A3,361.3394909389887,362.5254737754123,,A,A-Bus-2
B2-116,B2,B3,360.09799116654386,364.2266622568255,,B,B-Bus-1
B2-117,B2,B3,362.72338369779806,364.2766622568255,,B,B-Bus-1
B2-118,B2,B3,362.8411915954523,364.3266622568255,,B,B-Bus-1
B3-75,B3,B3,359.9510478520201,364.771309640774,,B,B-Bus-2
B3-76,B3,B3,360.80033967693646,364.821309640774,,B,B-Bus-2
B3-77,B3,B3,361.21148048481666,364.87130964077403,,B,B-Bus-2
B3-78,B3,B3,362.3708116739204,364.92130964077404,,B,B-Bus-2
B3-79,B3,B3,365.8044992173464,369.6150503475411,,B,B-Bus-1
B3-80,B3,B3,369.539855966732,369.6650503475411,,B,B-Bus-1
B1-140,B1,B3,361.8574831241484,370.62110557394044,,B,B-Bus-2
B1-141,B1,B3,363.49224858688854,370.67110557394045,,B,B-Bus-2
B1-142,B1,B3,364.73643016595963,370.72110557394046,,B,B-Bus-2
B1-143,B1,B3,364.8565831503479,370.7711055739405,,B,B-Bus-2
B1-144,B1,B2,369.2530111285131,370.8211055739405,,B,B-Bus-2
B1-145,B1,B2,369.28137720801595,370.8711055739405,,B,B-Bus-2
A1-122,A1,A3,355.9984038079947,371.023390124695,,A,A-Bus-1
A1-123,A1,A3,359.65182881218,371.07339012469504,,A,A-Bus-1
A1-124,A1,A2,364.36038039196427,371.12339012469505,,A,A-Bus-1
A1-125,A1,A3,365.1016465802173,371.17339012469506,,A,A-Bus-1
A1-126,A1,A3,365.26149967980456,371.2233901246951,,A,A-Bus-1
A1-127,A1,A2,366.0048952597473,371.2733901246951,,A,A-Bus-1
A1-128,A1,A2,366.78763727096225,371.3233901246951,,A,A-Bus-1
A2-82,A2,A3,359.7606745533109,375.95010619516665,,A,A-Bus-1
A2-83,A2,A3,362.9774404532534,376.00010619516667,,A,A-Bus-1
A2-84,A2,A3,364.63334073982446,376.0501061951667,,A,A-Bus-1
A2-85,A2,A3,373.18615253721754,376.1001061951667,,A,A-Bus-1
A2-86,A2,A3,373.3476524554872,376.1501061951667,,A,A-Bus-1
A2-87,A2,A3,373.8130061522414,376.2001061951667,,A,A-Bus-1
B1-146,B1,B2,375.07984066934176,376.5713410367586,,B,B-Bus-1
B1-147,B1,B3,375.7176824639916,376.6213410367586,,B,B-Bus-1
B1-148,B1,B2,376.4229406314355,376.67134103675863,,B,B-Bus-1
B2-119,B2,B3,370.2811389741163,376.8564797270443,,B,B-Bus-2
B2-120,B2,B3,373.5427944876493,376.9064797270443,,B,B-Bus-2
B2-121,B2,B3,378.7748384262338,380.6806469854037,,B,B-Bus-1
A3-79,A3,A3,366.48541810291084,382.64170022662506,,A,A-Bus-1
A3-80,A3,A3,368.35545984281964,382.6917002266251,,A,A-Bus-1
A3-81,A3,A3,372.53777915633526,382.7417002266251,,A,A-Bus-1
A3-82,A3,A3,375.55373093779025,382.7917002266251,,A,A-Bus-1
A3-83,A3,A3,382.3343619513183,382.8417002266251,,A,A-Bus-1
B3-81,B3,B3,371.04007569784443,383.4301346876111,,B,B-Bus-2
B3-82,B3,B3,376.19992155952144,383.4801346876111,,B,B-Bus-2
B3-83,B3,B3,377.7793462958898,383.5301346876111,,B,B-Bus-2
B3-84,B3,B3,379.19241170633165,383.5801346876111,,B,B-Bus-2
B3-85,B3,B3,380.8416105228265,383.63013468761113,,B,B-Bus-2
B3-86,B3,B3,382.9465872447598,383.68013468761114,,B,B-Bus-2
B1-149,B1,B2,383.4662743429868,387.55188284774897,,B,B-Bus-2
B1-150,B1,B2,387.0154925000518,387.601882847749,,B,B-Bus-2
A1-129,A1,A3,377.00235771468897,390.2797353356206,,A,A-Bus-1
A1-130,A1,A3,377.0802671726277,390.3297353356206,,A,A-Bus-1
A1-131,A1,A2,378.69733263205995,390.37973533562064,,A,A-Bus-1
A1-132,A1,A2,379.6084297554031,390.42973533562065,,A,A-Bus-1
A1-133,A1,A2,380.39269313856056,390.47973533562066,,A,A-Bus-1
A1-134,A1,A3,388.5646497491496,390.52973533562067,,A,A-Bus-1
B1-151,B1,B3,389.7801671801425,392.7449257082051,,B,B-Bus-1
B1-152,B1,B3,391.0822889801626,392.7949257082051,,B,B-Bus-1
B2-122,B2,B3,381.37909127112175,393.7724637905982,,B,B-Bus-2
B2-123,B2,B3,386.40596111135835,393.8224637905982,,B,B-Bus-2
B2-124,B2,B3,392.76648660823145,393.8724637905982,,B,B-Bus-2
A2-88,A2,A3,381.8076958557441,396.1142791532878,,A,A-Bus-1
A2-89,A2,A3,388.8001215392645,396.1642791532878,,A,A-Bus-1
A2-90,A2,A3,393.5211519046355,396.2142791532878,,A,A-Bus-1
A2-91,A2,A3,395.8203164984875,396.2642791532878,,A,A-Bus-1
A2-92,A2,A3,395.87221757814547,396.3142791532878,,A,A-Bus-1
B2-125,B2,B3,394.3491656793545,397.05531145023616,,B,B-Bus-1
B2-126,B2,B3,395.2117576192636,397.1053114502362,,B,B-Bus-1
B3-87,B3,B3,394.2070115580849,399.9328551232464,,B,B-Bus-2
B3-88,B3,B3,396.62959643102016,399.9828551232464,,B,B-Bus-2
A3-84,A3,A3,385.96120050803273,401.33984666560053,,A,A-Bus-1
A3-85,A3,A3,388.3714776687316,401.38984666560054,,A,A-Bus-1
A3-86,A3,A3,389.57635765415216,401.43984666560056,,A,A-Bus-1
A3-87,A3,A3,396.0788498713947,401.48984666560057,,A,A-Bus-1
A3-88,A3,A3,400.16326354104,401.5398466656006,,A,A-Bus-1
A3-89,A3,A3,400.33391160015896,401.5898466656006,,A,A-Bus-1
B1-153,B1,B2,403.9546894359424,404.4688446461361,,B,B-Bus-2
A1-135,A1,A3,392.2354954223578,406.879337984769,,A,A-Bus-1
A1-136,A1,A3,392.9948632803523,406.929337984769,,A,A-Bus-1
A1-137,A1,A2,394.11026808794315,406.979337984769,,A,A-Bus-1
A1-138,A1,A3,396.52855822281964,407.02933798476903,,A,A-Bus-1
A1-139,A1,A2,398.5275623177288,407.07933798476904,,A,A-Bus-1
A1-140,A1,A2,400.291846960601,407.12933798476905,,A,A-Bus-1
A1-141,A1,A2,402.11280966612964,407.17933798476906,,A,A-Bus-1
A1-142,A1,A2,405.6250139955783,407.2293379847691,,A,A-Bus-1
B2-127,B2,B3,403.13282478996507,408.5155564693971,,B,B-Bus-2
B2-128,B2,B3,405.25061008043775,408.5655564693971,,B,B-Bus-2
B2-129,B2,B3,406.12511894721445,408.6155564693971,,B,B-Bus-2
B1-154,B1,B2,406.42426331563183,409.0672901990796,,B,B-Bus-1
A1-143,A1,A3,407.7917583408115,409.7478441373681,,A,A-Bus-2
B3-89,B3,B3,403.5905555224027,414.0378150682299,,B,B-Bus-2
B3-90,B3,B3,408.46916722798596,414.08781506822993,,B,B-Bus-2
B3-91,B3,B3,408.49591200576765,414.13781506822994,,B,B-Bus-2
B3-92,B3,B3,409.06387511948304,414.18781506822995,,B,B-Bus-2
B2-130,B2,B3,410.0988873644511,414.2012527771222,,B,B-Bus-1
B2-131,B2,B3,411.1010019061431,414.2512527771222,,B,B-Bus-1
B2-132,B2,B3,411.271846833264,414.3012527771222,,B,B-Bus-1
B2-133,B2,B3,413.8170139346427,414.3512527771222,,B,B-Bus-1
A2-93,A2,A3,406.76988322075925,414.79499740185724,,A,A-Bus-1
A2-94,A2,A3,408.11823248079065,414.84499740185726,,A,A-Bus-1
A2-95,A2,A3,410.43238658264266,414.89499740185727,,A,A-Bus-1
B3-93,B3,B3,417.0685163482555,418.38929854271464,,B,B-Bus-1
B1-155,B1,B2,411.01945743418213,420.67515531877547,,B,B-Bus-2
B1-156,B1,B2,413.36230979087117,420.7251553187755,,B,B-Bus-2
A3-90,A3,A3,403.8599058638983,421.4731897706123,,A,A-Bus-1
A3-91,A3,A3,411.74092267426397,421.5231897706123,,A,A-Bus-1
B2-134,B2,B3,416.261303723045,426.9235154917635,,B,B-Bus-2
B2-135,B2,B3,420.31023302790817,426.9735154917635,,B,B-Bus-2
A1-144,A1,A3,412.2084214700539,427.85123682269983,,A,A-Bus-1
A1-145,A1,A3,416.60655336160585,427.90123682269984,,A,A-Bus-1
A1-146,A1,A3,417.39984825635304,427.95123682269985,,A,A-Bus-1
A1-147,A1,A2,418.04534765280977,428.00123682269987,,A,A-Bus-1
A1-148,A1,A2,419.28222958670494,428.0512368226999,,A,A-Bus-1
A1-149,A1,A3,421.60674394953736,428.1012368226999,,A,A-Bus-1
A1-150,A1,A2,423.746007996916,428.1512368226999,,A,A-Bus-1
B2-136,B2,B3,427.6679910948459,429.95858307187524,,B,B-Bus-1
B3-94,B3,B3,424.76466437117267,431.4056145035686,,B,B-Bus-2
B3-95,B3,B3,427.8404205635764,431.4556145035686,,B,B-Bus-2
A2-96,A2,A3,420.47148638044644,433.4652120405992,,A,A-Bus-1
A2-97,A2,A3,421.8326717546814,433.51521204059924,,A,A-Bus-1
A2-98,A2,A3,423.0590529222331,433.56521204059925,,A,A-Bus-1
A2-99,A2,A3,432.61624718902334,433.61521204059926,,A,A-Bus-1
A2-100,A2,A3,432.8072084472188,433.6652120405993,,A,A-Bus-1
B3-96,B3,B3,433.80548509678266,435.64703373079163,,B,B-Bus-1
B1-157,B1,B2,423.71651159302894,436.5194026417969,,B,B-Bus-2
B1-158,B1,B2,425.12723358699566,436.5694026417969,,B,B-Bus-2
B1-159,B1,B3,426.9108780826205,436.6194026417969,,B,B-Bus-2
B1-160,B1,B3,428.3280693545462,436.6694026417969,,B,B-Bus-2
B1-161,B1,B3,430.22326516862944,436.71940264179693,,B,B-Bus-2
A2-101,A2,A3,434.78104677270693,437.2771749740519,,A,A-Bus-2
A2-102,A2,A3,434.98009007575604,437.3271749740519,,A,A-Bus-2
A2-103,A2,A3,435.5572003646758,437.3771749740519,,A,A-Bus-2
B1-162,B1,B3,438.9873603284804,440.61929824548406,,B,B-Bus-1
A3-92,A3,A3,425.79858697113804,440.8251263128146,,A,A-Bus-1
B2-137,B2,B3,431.2855777220708,441.0593060455878,,B,B-Bus-2
B3-97,B3,B3,439.1222831824191,445.2525640382344,,B,B-Bus-2
B3-98,B3,B3,440.906543651197,445.30256403823444,,B,B-Bus-2
A1-151,A1,A2,430.43686753861965,446.06501510553994,,A,A-Bus-1
A1-152,A1,A2,433.66904379163304,446.11501510553995,,A,A-Bus-1
A1-153,A1,A2,445.38079248870326,446.16501510553996,,A,A-Bus-1
A1-154,A1,A2,445.55960504596504,446.21501510554,,A,A-Bus-1
A1-155,A1,A3,446.8610329578964,449.818504325941,,A,A-Bus-2
A1-156,A1,A3,448.81412658788116,449.868504325941,,A,A-Bus-2
A2-104,A2,A3,444.10710270832277,452.344029474517,,A,A-Bus-1
A2-105,A2,A3,444.35507693841697,452.394029474517,,A,A-Bus-1
A2-106,A2,A3,444.3551249431913,452.44402947451704,,A,A-Bus-1
A2-107,A2,A3,444.4939906981523,452.49402947451705,,A,A-Bus-1
A2-108,A2,A3,446.53426428083316,452.54402947451706,,A,A-Bus-1
B1-163,B1,B3,441.67454585061296,452.7657184170102,,B,B-Bus-2
B1-164,B1,B2,447.52600214911934,452.8157184170102,,B,B-Bus-2
B1-165,B1,B2,448.7758450142124,452.8657184170102,,B,B-Bus-2
B1-166,B1,B3,451.7666263395892,452.9157184170102,,B,B-Bus-2
B1-167,B1,B2,453.0117389524744,456.27516393417733,,B,B-Bus-1
B2-138,B2,B3,449.0476980131614,457.5942518180196,,B,B-Bus-2
B2-139,B2,B3,449.4259533473489,457.6442518180196,,B,B-Bus-2
B2-140,B2,B3,451.341317173068,457.6942518180196,,B,B-Bus-2
B2-141,B2,B3,453.2191588414274,457.7442518180196,,B,B-Bus-2
A3-93,A3,A3,445.8796214544102,459.455189510468,,A,A-Bus-1
A3-94,A3,A3,450.60389323572684,459.505189510468,,A,A-Bus-1
A3-95,A3,A3,455.97209865601775,459.55518951046804,,A,A-Bus-1
A3-96,A3,A3,457.3780639949067,459.60518951046805,,A,A-Bus-1
A3-97,A3,A3,460.3031897703639,462.4522865516669,,A,A-Bus-2
B3-99,B3,B3,453.8907046586872,462.66003005061367,,B,B-Bus-2
B3-100,B3,B3,461.94724074776394,462.7100300506137,,B,B-Bus-2
A1-157,A1,A3,453.40612545969924,465.4837041249159,,A,A-Bus-1
A1-158,A1,A2,455.17838573915105,465.5337041249159,,A,A-Bus-1
A1-159,A1,A3,457.8977760911645,465.5837041249159,,A,A-Bus-1
A1-160,A1,A3,461.9021103960359,465.63370412491594,,A,A-Bus-1
A1-161,A1,A2,462.8928879114373,465.68370412491595,,A,A-Bus-1
B1-168,B1,B2,457.89063310677517,467.41811303512225,,B,B-Bus-2
B1-169,B1,B2,462.01897437815967,467.46811303512226,,B,B-Bus-2
B1-170,B1,B2,462.4600115060443,467.51811303512227,,B,B-Bus-2
B1-171,B1,B3,464.47512842028607,467.5681130351223,,B,B-Bus-2
B3-101,B3,B3,466.26100811708824,467.58741501701786,,B,B-Bus-1
B1-172,B1,B2,464.8976482454881,467.6181130351223,,B,B-Bus-2
B3-102,B3,B3,467.4593644597912,467.6374150170179,,B,B-Bus-1
B1-173,B1,B2,465.07073340370965,467.6681130351223,,B,B-Bus-2
B1-174,B1,B3,465.89265540101485,467.7181130351223,,B,B-Bus-2
B1-175,B1,B3,466.95574616426444,467.7681130351223,,B,B-Bus-2
B1-176,B1,B3,467.51778693031946,467.81811303512234,,B,B-Bus-2
A2-109,A2,A3,459.09889779363556,471.8447613510124,,A,A-Bus-1
A2-110,A2,A3,461.20168449567535,471.8947613510124,,A,A-Bus-1
A2-111,A2,A3,461.93690658621875,471.9447613510124,,A,A-Bus-1
A2-112,A2,A3,467.5835943430264,471.9947613510124,,A,A-Bus-1
B1-177,B1,B3,469.6414473641253,472.95786297021857,,B,B-Bus-1
B1-178,B1,B3,470.02332371210605,473.0078629702186,,B,B-Bus-1
B1-179,B1,B3,470.0885695686454,473.0578629702186,,B,B-Bus-1
B1-180,B1,B3,470.5680774514406,473.1078629702186,,B,B-Bus-1
B1-181,B1,B2,473.04243043436026,473.1578629702186,,B,B-Bus-1
B2-142,B2,B3,466.9592423776178,473.82605186219007,,B,B-Bus-2
B2-143,B2,B3,469.0760768530472,473.8760518621901,,B,B-Bus-2
B2-144,B2,B3,470.27577638050354,473.9260518621901,,B,B-Bus-2
B2-145,B2,B3,472.1867572302105,473.9760518621901,,B,B-Bus-2
B2-146,B2,B3,472.2868531304976,474.0260518621901,,B,B-Bus-2
A3-98,A3,A3,466.84443774136014,478.4087284320888,,A,A-Bus-1
A3-99,A3,A3,468.8892407106644,478.45872843208883,,A,A-Bus-1
A3-100,A3,A3,471.7463055433761,478.50872843208884,,A,A-Bus-1
A3-101,A3,A3,474.1501944685217,478.55872843208886,,A,A-Bus-1
A3-102,A3,A3,476.10586749462294,478.60872843208887,,A,A-Bus-1
B3-103,B3,B3,468.65836752283553,479.2712200513639,,B,B-Bus-2
B3-104,B3,B3,469.02515920128616,479.3212200513639,,B,B-Bus-2
B3-105,B3,B3,470.9248137000221,479.37122005136393,,B,B-Bus-2
B3-106,B3,B3,479.0212855854635,479.42122005136395,,B,B-Bus-2
