Time,Stop,Queue Length
0,A1,0
1,A1,1
2,A1,1
3,A1,1
4,A1,1
5,A1,2
6,A1,3
7,A1,3
8,A1,1
9,A1,1
10,A1,1
11,A1,1
12,A1,2
13,A1,2
14,A1,2
15,A1,2
16,A1,2
17,A1,2
18,A1,0
19,A1,0
20,A1,0
21,A1,0
22,A1,0
23,A1,0
24,A1,0
25,A1,0
26,A1,0
27,A1,0
28,A1,0
29,A1,0
30,A1,0
31,A1,0
32,A1,0
33,A1,0
34,A1,1
35,A1,1
36,A1,2
37,A1,0
38,A1,1
39,A1,2
40,A1,3
41,A1,3
42,A1,3
43,A1,3
44,A1,4
45,A1,4
46,A1,5
47,A1,5
48,A1,5
49,A1,5
50,A1,0
51,A1,0
52,A1,1
53,A1,1
54,A1,3
55,A1,3
56,A1,3
57,A1,0
58,A1,1
59,A1,1
60,A1,1
61,A1,1
62,A1,1
63,A1,1
64,A1,2
65,A1,2
66,A1,2
67,A1,2
68,A1,2
69,A1,2
70,A1,0
71,A1,0
72,A1,0
73,A1,1
74,A1,0
75,A1,0
76,A1,1
77,A1,1
78,A1,1
79,A1,1
80,A1,2
81,A1,3
82,A1,3
83,A1,4
84,A1,4
85,A1,0
86,A1,0
87,A1,0
88,A1,0
89,A1,0
90,A1,1
91,A1,2
92,A1,2
93,A1,0
94,A1,0
95,A1,1
96,A1,2
97,A1,2
98,A1,4
99,A1,4
100,A1,4
101,A1,4
102,A1,4
103,A1,4
104,A1,4
105,A1,4
106,A1,0
107,A1,1
108,A1,1
109,A1,0
110,A1,0
111,A1,0
112,A1,1
113,A1,2
114,A1,3
115,A1,5
116,A1,5
117,A1,5
118,A1,6
119,A1,6
120,A1,8
121,A1,8
122,A1,9
123,A1,8
124,A1,0
125,A1,0
126,A1,0
127,A1,0
128,A1,0
129,A1,0
130,A1,0
131,A1,0
132,A1,0
133,A1,0
134,A1,1
135,A1,1
136,A1,1
137,A1,3
138,A1,4
139,A1,4
140,A1,4
141,A1,4
142,A1,4
143,A1,0
144,A1,2
145,A1,0
146,A1,0
147,A1,1
148,A1,1
149,A1,1
150,A1,2
151,A1,3
152,A1,3
153,A1,3
154,A1,3
155,A1,3
156,A1,3
157,A1,3
158,A1,2
159,A1,0
160,A1,0
161,A1,1
162,A1,1
163,A1,1
164,A1,0
165,A1,0
166,A1,0
167,A1,0
168,A1,0
169,A1,1
170,A1,2
171,A1,2
172,A1,3
173,A1,3
174,A1,3
175,A1,3
176,A1,0
177,A1,1
178,A1,1
179,A1,1
180,A1,2
181,A1,2
182,A1,3
183,A1,0
184,A1,0
185,A1,0
186,A1,0
187,A1,0
188,A1,0
189,A1,0
190,A1,0
191,A1,2
192,A1,2
193,A1,0
194,A1,1
195,A1,1
196,A1,1
197,A1,2
198,A1,3
199,A1,0
200,A1,0
201,A1,1
202,A1,2
203,A1,2
204,A1,3
205,A1,3
206,A1,5
207,A1,5
208,A1,5
209,A1,6
210,A1,6
211,A1,6
212,A1,0
213,A1,0
214,A1,1
215,A1,0
216,A1,1
217,A1,1
218,A1,1
219,A1,2
220,A1,2
221,A1,3
222,A1,3
223,A1,3
224,A1,3
225,A1,3
226,A1,4
227,A1,5
228,A1,5
229,A1,5
230,A1,6
231,A1,7
232,A1,0
233,A1,1
234,A1,2
235,A1,2
236,A1,3
237,A1,4
238,A1,4
239,A1,6
240,A1,6
241,A1,6
242,A1,6
243,A1,6
244,A1,6
245,A1,6
246,A1,7
247,A1,7
248,A1,8
249,A1,8
250,A1,9
251,A1,2
252,A1,0
253,A1,0
254,A1,0
255,A1,1
256,A1,2
257,A1,4
258,A1,4
259,A1,5
260,A1,5
261,A1,5
262,A1,6
263,A1,6
264,A1,6
265,A1,7
266,A1,7
267,A1,9
268,A1,4
269,A1,0
270,A1,0
271,A1,0
272,A1,0
273,A1,0
274,A1,0
275,A1,0
276,A1,0
277,A1,0
278,A1,0
279,A1,0
280,A1,1
281,A1,1
282,A1,1
283,A1,1
284,A1,2
285,A1,2
286,A1,3
287,A1,0
288,A1,0
289,A1,0
290,A1,2
291,A1,2
292,A1,2
293,A1,3
294,A1,3
295,A1,3
296,A1,3
297,A1,3
298,A1,3
299,A1,3
300,A1,3
301,A1,3
302,A1,0
303,A1,0
304,A1,0
305,A1,0
306,A1,2
307,A1,2
308,A1,2
309,A1,2
310,A1,3
311,A1,0
312,A1,0
313,A1,0
314,A1,0
315,A1,0
316,A1,1
317,A1,1
318,A1,1
319,A1,1
320,A1,0
321,A1,2
322,A1,2
323,A1,3
324,A1,4
325,A1,4
326,A1,4
327,A1,4
328,A1,5
329,A1,0
330,A1,1
331,A1,3
332,A1,3
333,A1,4
334,A1,4
335,A1,4
336,A1,4
337,A1,4
338,A1,1
339,A1,2
340,A1,2
341,A1,2
342,A1,2
343,A1,2
344,A1,3
345,A1,3
346,A1,3
347,A1,3
348,A1,3
349,A1,4
350,A1,1
351,A1,1
352,A1,1
353,A1,1
354,A1,2
355,A1,0
356,A1,1
357,A1,1
358,A1,1
359,A1,1
360,A1,2
361,A1,2
362,A1,2
363,A1,2
364,A1,2
365,A1,3
366,A1,5
367,A1,7
368,A1,7
369,A1,7
370,A1,7
371,A1,7
372,A1,0
373,A1,0
374,A1,0
375,A1,0
376,A1,0
377,A1,0
378,A1,2
379,A1,3
380,A1,4
381,A1,5
382,A1,5
383,A1,5
384,A1,5
385,A1,5
386,A1,5
387,A1,5
388,A1,5
389,A1,6
390,A1,6
391,A1,0
392,A1,0
393,A1,2
394,A1,2
395,A1,3
396,A1,3
397,A1,4
398,A1,4
399,A1,5
400,A1,5
401,A1,6
402,A1,6
403,A1,7
404,A1,7
405,A1,7
406,A1,8
407,A1,5
408,A1,1
409,A1,1
410,A1,0
411,A1,0
412,A1,0
413,A1,1
414,A1,1
415,A1,1
416,A1,1
417,A1,2
418,A1,3
419,A1,4
420,A1,5
421,A1,5
422,A1,6
423,A1,6
424,A1,7
425,A1,7
426,A1,7
427,A1,7
428,A1,4
429,A1,0
430,A1,0
431,A1,1
432,A1,1
433,A1,1
434,A1,2
435,A1,2
436,A1,2
437,A1,2
438,A1,2
439,A1,2
440,A1,2
441,A1,2
442,A1,2
443,A1,2
444,A1,2
445,A1,2
446,A1,4
447,A1,1
448,A1,1
449,A1,2
450,A1,0
451,A1,0
452,A1,0
453,A1,0
454,A1,1
455,A1,1
456,A1,2
457,A1,2
458,A1,3
459,A1,3
460,A1,3
461,A1,3
462,A1,4
463,A1,5
464,A1,5
465,A1,5
466,A1,0
467,A1,0
468,A1,0
469,A1,1
470,A1,2
471,A1,4
472,A1,4
473,A1,5
474,A1,5
475,A1,5
476,A1,5
477,A1,6
478,A1,7
479,A1,7
0,A2,0
1,A2,1
2,A2,1
3,A2,1
4,A2,1
5,A2,1
6,A2,0
7,A2,0
8,A2,0
9,A2,0
10,A2,0
11,A2,0
12,A2,0
13,A2,0
14,A2,0
15,A2,0
16,A2,1
17,A2,1
18,A2,1
19,A2,1
20,A2,1
21,A2,1
22,A2,1
23,A2,1
24,A2,0
25,A2,0
26,A2,0
27,A2,0
28,A2,0
29,A2,0
30,A2,0
31,A2,0
32,A2,0
33,A2,0
34,A2,1
35,A2,1
36,A2,0
37,A2,0
38,A2,0
39,A2,0
40,A2,1
41,A2,1
42,A2,2
43,A2,2
44,A2,0
45,A2,0
46,A2,0
47,A2,0
48,A2,0
49,A2,0
50,A2,0
51,A2,1
52,A2,3
53,A2,3
54,A2,3
55,A2,3
56,A2,4
57,A2,0
58,A2,0
59,A2,0
60,A2,0
61,A2,0
62,A2,0
63,A2,1
64,A2,1
65,A2,1
66,A2,1
67,A2,2
68,A2,3
69,A2,3
70,A2,3
71,A2,3
72,A2,3
73,A2,3
74,A2,3
75,A2,0
76,A2,1
77,A2,1
78,A2,1
79,A2,1
80,A2,0
81,A2,1
82,A2,1
83,A2,1
84,A2,1
85,A2,1
86,A2,1
87,A2,1
88,A2,1
89,A2,2
90,A2,3
91,A2,3
92,A2,0
93,A2,0
94,A2,0
95,A2,0
96,A2,0
97,A2,1
98,A2,2
99,A2,0
100,A2,0
101,A2,1
102,A2,1
103,A2,1
104,A2,1
105,A2,1
106,A2,1
107,A2,1
108,A2,1
109,A2,1
110,A2,1
111,A2,0
112,A2,0
113,A2,0
114,A2,0
115,A2,1
116,A2,1
117,A2,1
118,A2,1
119,A2,1
120,A2,1
121,A2,1
122,A2,2
123,A2,3
124,A2,3
125,A2,4
126,A2,4
127,A2,4
128,A2,4
129,A2,0
130,A2,0
131,A2,0
132,A2,0
133,A2,0
134,A2,0
135,A2,1
136,A2,1
137,A2,1
138,A2,1
139,A2,1
140,A2,2
141,A2,2
142,A2,2
143,A2,2
144,A2,2
145,A2,2
146,A2,2
147,A2,2
148,A2,0
149,A2,1
150,A2,0
151,A2,1
152,A2,1
153,A2,1
154,A2,1
155,A2,1
156,A2,2
157,A2,2
158,A2,2
159,A2,2
160,A2,2
161,A2,2
162,A2,3
163,A2,3
164,A2,0
165,A2,0
166,A2,0
167,A2,0
168,A2,0
169,A2,0
170,A2,0
171,A2,0
172,A2,0
173,A2,0
174,A2,0
175,A2,0
176,A2,0
177,A2,0
178,A2,0
179,A2,0
180,A2,0
181,A2,0
182,A2,0
183,A2,0
184,A2,0
185,A2,0
186,A2,0
187,A2,0
188,A2,0
189,A2,0
190,A2,1
191,A2,1
192,A2,2
193,A2,4
194,A2,4
195,A2,5
196,A2,5
197,A2,5
198,A2,5
199,A2,5
200,A2,0
201,A2,0
202,A2,0
203,A2,0
204,A2,0
205,A2,0
206,A2,0
207,A2,0
208,A2,0
209,A2,0
210,A2,0
211,A2,0
212,A2,0
213,A2,0
214,A2,0
215,A2,1
216,A2,1
217,A2,1
218,A2,0
219,A2,1
220,A2,2
221,A2,0
222,A2,0
223,A2,0
224,A2,0
225,A2,0
226,A2,1
227,A2,2
228,A2,2
229,A2,2
230,A2,4
231,A2,4
232,A2,4
233,A2,5
234,A2,5
235,A2,5
236,A2,5
237,A2,5
238,A2,0
239,A2,0
240,A2,0
241,A2,0
242,A2,0
243,A2,0
244,A2,0
245,A2,0
246,A2,0
247,A2,0
248,A2,1
249,A2,1
250,A2,1
251,A2,1
252,A2,1
253,A2,1
254,A2,1
255,A2,1
256,A2,2
257,A2,0
258,A2,0
259,A2,1
260,A2,0
261,A2,0
262,A2,0
263,A2,1
264,A2,1
265,A2,1
266,A2,2
267,A2,3
268,A2,3
269,A2,4
270,A2,4
271,A2,4
272,A2,4
273,A2,5
274,A2,0
275,A2,1
276,A2,1
277,A2,1
278,A2,0
279,A2,1
280,A2,1
281,A2,1
282,A2,1
283,A2,2
284,A2,2
285,A2,2
286,A2,3
287,A2,3
288,A2,3
289,A2,3
290,A2,3
291,A2,0
292,A2,0
293,A2,0
294,A2,1
295,A2,1
296,A2,1
297,A2,0
298,A2,0
299,A2,2
300,A2,2
301,A2,2
302,A2,2
303,A2,2
304,A2,3
305,A2,3
306,A2,3
307,A2,4
308,A2,4
309,A2,2
310,A2,0
311,A2,0
312,A2,0
313,A2,0
314,A2,0
315,A2,1
316,A2,1
317,A2,0
318,A2,0
319,A2,0
320,A2,0
321,A2,0
322,A2,0
323,A2,1
324,A2,1
325,A2,2
326,A2,1
327,A2,1
328,A2,1
329,A2,1
330,A2,1
331,A2,1
332,A2,1
333,A2,1
334,A2,1
335,A2,2
336,A2,0
337,A2,0
338,A2,0
339,A2,1
340,A2,2
341,A2,2
342,A2,3
343,A2,4
344,A2,0
345,A2,0
346,A2,1
347,A2,1
348,A2,3
349,A2,3
350,A2,3
351,A2,3
352,A2,4
353,A2,4
354,A2,5
355,A2,6
356,A2,2
357,A2,0
358,A2,0
359,A2,0
360,A2,1
361,A2,1
362,A2,1
363,A2,2
364,A2,2
365,A2,3
366,A2,3
367,A2,3
368,A2,3
369,A2,3
370,A2,3
371,A2,3
372,A2,3
373,A2,3
374,A2,6
375,A2,6
376,A2,5
377,A2,0
378,A2,0
379,A2,0
380,A2,0
381,A2,0
382,A2,1
383,A2,1
384,A2,1
385,A2,1
386,A2,1
387,A2,1
388,A2,1
389,A2,2
390,A2,2
391,A2,2
392,A2,2
393,A2,2
394,A2,3
395,A2,3
396,A2,5
397,A2,0
398,A2,0
399,A2,0
400,A2,0
401,A2,0
402,A2,0
403,A2,0
404,A2,0
405,A2,0
406,A2,0
407,A2,1
408,A2,1
409,A2,2
410,A2,2
411,A2,3
412,A2,3
413,A2,3
414,A2,3
415,A2,0
416,A2,0
417,A2,0
418,A2,0
419,A2,0
420,A2,0
421,A2,1
422,A2,2
423,A2,2
424,A2,3
425,A2,3
426,A2,3
427,A2,3
428,A2,3
429,A2,3
430,A2,3
431,A2,3
432,A2,3
433,A2,5
434,A2,0
435,A2,2
436,A2,3
437,A2,3
438,A2,0
439,A2,0
440,A2,0
441,A2,0
442,A2,0
443,A2,0
444,A2,0
445,A2,4
446,A2,4
447,A2,5
448,A2,5
449,A2,5
450,A2,5
451,A2,5
452,A2,5
453,A2,0
454,A2,0
455,A2,0
456,A2,0
457,A2,0
458,A2,0
459,A2,0
460,A2,1
461,A2,1
462,A2,3
463,A2,3
464,A2,3
465,A2,3
466,A2,3
467,A2,3
468,A2,4
469,A2,4
470,A2,4
471,A2,4
472,A2,0
473,A2,0
474,A2,0
475,A2,0
476,A2,0
477,A2,0
478,A2,0
479,A2,0
0,A3,0
1,A3,0
2,A3,0
3,A3,0
4,A3,1
5,A3,1
6,A3,1
7,A3,2
8,A3,2
9,A3,2
10,A3,3
11,A3,3
12,A3,1
13,A3,0
14,A3,0
15,A3,0
16,A3,0
17,A3,0
18,A3,0
19,A3,0
20,A3,0
21,A3,1
22,A3,1
23,A3,0
24,A3,0
25,A3,1
26,A3,1
27,A3,2
28,A3,2
29,A3,2
30,A3,0
31,A3,0
32,A3,0
33,A3,1
34,A3,1
35,A3,1
36,A3,1
37,A3,1
38,A3,1
39,A3,2
40,A3,2
41,A3,2
42,A3,3
43,A3,1
44,A3,2
45,A3,2
46,A3,2
47,A3,2
48,A3,2
49,A3,2
50,A3,0
51,A3,0
52,A3,0
53,A3,1
54,A3,1
55,A3,3
56,A3,3
57,A3,3
58,A3,3
59,A3,4
60,A3,4
61,A3,4
62,A3,4
63,A3,4
64,A3,0
65,A3,0
66,A3,0
67,A3,1
68,A3,0
69,A3,0
70,A3,0
71,A3,0
72,A3,0
73,A3,0
74,A3,0
75,A3,1
76,A3,1
77,A3,2
78,A3,3
79,A3,3
80,A3,0
81,A3,0
82,A3,1
83,A3,1
84,A3,1
85,A3,1
86,A3,1
87,A3,1
88,A3,0
89,A3,1
90,A3,1
91,A3,2
92,A3,2
93,A3,2
94,A3,2
95,A3,2
96,A3,2
97,A3,2
98,A3,0
99,A3,0
100,A3,0
101,A3,0
102,A3,0
103,A3,0
104,A3,0
105,A3,0
106,A3,0
107,A3,2
108,A3,2
109,A3,2
110,A3,2
111,A3,3
112,A3,4
113,A3,4
114,A3,4
115,A3,4
116,A3,4
117,A3,0
118,A3,0
119,A3,0
120,A3,0
121,A3,0
122,A3,0
123,A3,0
124,A3,0
125,A3,0
126,A3,0
127,A3,0
128,A3,0
129,A3,0
130,A3,0
131,A3,0
132,A3,0
133,A3,0
134,A3,1
135,A3,1
136,A3,1
137,A3,0
138,A3,0
139,A3,0
140,A3,0
141,A3,0
142,A3,0
143,A3,0
144,A3,0
145,A3,0
146,A3,0
147,A3,0
148,A3,0
149,A3,0
150,A3,0
151,A3,0
152,A3,0
153,A3,1
154,A3,1
155,A3,1
156,A3,1
157,A3,0
158,A3,0
159,A3,0
160,A3,0
161,A3,1
162,A3,2
163,A3,2
164,A3,4
165,A3,4
166,A3,4
167,A3,4
168,A3,4
169,A3,4
170,A3,4
171,A3,0
172,A3,0
173,A3,0
174,A3,0
175,A3,0
176,A3,1
177,A3,1
178,A3,1
179,A3,1
180,A3,1
181,A3,1
182,A3,2
183,A3,2
184,A3,2
185,A3,2
186,A3,0
187,A3,0
188,A3,0
189,A3,0
190,A3,0
191,A3,0
192,A3,0
193,A3,0
194,A3,0
195,A3,0
196,A3,0
197,A3,0
198,A3,1
199,A3,1
200,A3,2
201,A3,2
202,A3,3
203,A3,3
204,A3,3
205,A3,3
206,A3,0
207,A3,0
208,A3,1
209,A3,0
210,A3,0
211,A3,0
212,A3,0
213,A3,1
214,A3,1
215,A3,1
216,A3,1
217,A3,1
218,A3,1
219,A3,2
220,A3,2
221,A3,2
222,A3,2
223,A3,2
224,A3,2
225,A3,0
226,A3,0
227,A3,0
228,A3,0
229,A3,1
230,A3,1
231,A3,1
232,A3,1
233,A3,1
234,A3,1
235,A3,1
236,A3,1
237,A3,2
238,A3,3
239,A3,3
240,A3,4
241,A3,4
242,A3,5
243,A3,5
244,A3,5
245,A3,0
246,A3,1
247,A3,1
248,A3,1
249,A3,1
250,A3,1
251,A3,1
252,A3,1
253,A3,1
254,A3,2
255,A3,2
256,A3,2
257,A3,2
258,A3,3
259,A3,3
260,A3,3
261,A3,4
262,A3,0
263,A3,0
264,A3,0
265,A3,0
266,A3,0
267,A3,0
268,A3,0
269,A3,0
270,A3,1
271,A3,1
272,A3,1
273,A3,1
274,A3,2
275,A3,2
276,A3,3
277,A3,3
278,A3,4
279,A3,4
280,A3,4
281,A3,0
282,A3,0
283,A3,0
284,A3,0
285,A3,0
286,A3,0
287,A3,1
288,A3,2
289,A3,2
290,A3,2
291,A3,2
292,A3,2
293,A3,2
294,A3,2
295,A3,2
296,A3,3
297,A3,0
298,A3,0
299,A3,0
300,A3,0
301,A3,0
302,A3,1
303,A3,2
304,A3,2
305,A3,0
306,A3,0
307,A3,1
308,A3,2
309,A3,2
310,A3,2
311,A3,3
312,A3,3
313,A3,3
314,A3,3
315,A3,0
316,A3,0
317,A3,0
318,A3,0
319,A3,0
320,A3,0
321,A3,2
322,A3,2
323,A3,0
324,A3,0
325,A3,0
326,A3,0
327,A3,0
328,A3,0
329,A3,0
330,A3,0
331,A3,0
332,A3,0
333,A3,1
334,A3,1
335,A3,1
336,A3,1
337,A3,1
338,A3,1
339,A3,1
340,A3,1
341,A3,0
342,A3,0
343,A3,1
344,A3,1
345,A3,1
346,A3,1
347,A3,1
348,A3,0
349,A3,0
350,A3,0
351,A3,0
352,A3,1
353,A3,3
354,A3,4
355,A3,4
356,A3,6
357,A3,7
358,A3,7
359,A3,7
360,A3,7
361,A3,7
362,A3,8
363,A3,0
364,A3,0
365,A3,0
366,A3,0
367,A3,1
368,A3,1
369,A3,2
370,A3,2
371,A3,2
372,A3,2
373,A3,3
374,A3,3
375,A3,3
376,A3,4
377,A3,4
378,A3,4
379,A3,4
380,A3,4
381,A3,4
382,A3,4
383,A3,0
384,A3,0
385,A3,0
386,A3,1
387,A3,1
388,A3,1
389,A3,2
390,A3,3
391,A3,3
392,A3,3
393,A3,3
394,A3,3
395,A3,3
396,A3,3
397,A3,4
398,A3,4
399,A3,4
400,A3,4
401,A3,6
402,A3,0
403,A3,0
404,A3,1
405,A3,1
406,A3,1
407,A3,1
408,A3,1
409,A3,1
410,A3,1
411,A3,1
412,A3,2
413,A3,2
414,A3,2
415,A3,2
416,A3,2
417,A3,2
418,A3,2
419,A3,2
420,A3,2
421,A3,2
422,A3,0
423,A3,0
424,A3,0
425,A3,0
426,A3,1
427,A3,1
428,A3,1
429,A3,1
430,A3,1
431,A3,1
432,A3,1
433,A3,1
434,A3,1
435,A3,1
436,A3,1
437,A3,1
438,A3,1
439,A3,1
440,A3,1
441,A3,0
442,A3,0
443,A3,0
444,A3,0
445,A3,0
446,A3,1
447,A3,1
448,A3,1
449,A3,1
450,A3,1
451,A3,2
452,A3,2
453,A3,2
454,A3,2
455,A3,2
456,A3,3
457,A3,3
458,A3,4
459,A3,4
460,A3,0
461,A3,1
462,A3,1
463,A3,0
464,A3,0
465,A3,0
466,A3,0
467,A3,1
468,A3,1
469,A3,2
470,A3,2
471,A3,2
472,A3,3
473,A3,3
474,A3,3
475,A3,4
476,A3,4
477,A3,5
478,A3,5
479,A3,0
0,B1,0
1,B1,0
2,B1,0
3,B1,1
4,B1,1
5,B1,2
6,B1,1
7,B1,0
8,B1,0
9,B1,1
10,B1,2
11,B1,3
12,B1,0
13,B1,0
14,B1,0
15,B1,1
16,B1,1
17,B1,1
18,B1,1
19,B1,3
20,B1,0
21,B1,1
22,B1,2
23,B1,2
24,B1,2
25,B1,3
26,B1,5
27,B1,0
28,B1,2
29,B1,2
30,B1,2
31,B1,2
32,B1,3
33,B1,0
34,B1,0
35,B1,0
36,B1,1
37,B1,2
38,B1,2
39,B1,2
40,B1,3
41,B1,3
42,B1,0
43,B1,1
44,B1,1
45,B1,1
46,B1,1
47,B1,2
48,B1,2
49,B1,3
50,B1,0
51,B1,2
52,B1,2
53,B1,0
54,B1,0
55,B1,1
56,B1,1
57,B1,1
58,B1,1
59,B1,1
60,B1,2
61,B1,2
62,B1,2
63,B1,0
64,B1,1
65,B1,1
66,B1,2
67,B1,2
68,B1,0
69,B1,1
70,B1,1
71,B1,1
72,B1,1
73,B1,1
74,B1,1
75,B1,2
76,B1,2
77,B1,2
78,B1,3
79,B1,3
80,B1,5
81,B1,6
82,B1,7
83,B1,4
84,B1,0
85,B1,1
86,B1,1
87,B1,2
88,B1,2
89,B1,2
90,B1,2
91,B1,2
92,B1,2
93,B1,2
94,B1,3
95,B1,4
96,B1,4
97,B1,0
98,B1,0
99,B1,0
100,B1,0
101,B1,0
102,B1,0
103,B1,1
104,B1,1
105,B1,1
106,B1,3
107,B1,3
108,B1,3
109,B1,4
110,B1,5
111,B1,5
112,B1,5
113,B1,0
114,B1,0
115,B1,0
116,B1,1
117,B1,2
118,B1,2
119,B1,2
120,B1,2
121,B1,2
122,B1,2
123,B1,3
124,B1,3
125,B1,3
126,B1,3
127,B1,1
128,B1,1
129,B1,1
130,B1,1
131,B1,1
132,B1,2
133,B1,1
134,B1,3
135,B1,5
136,B1,5
137,B1,5
138,B1,7
139,B1,7
140,B1,8
141,B1,7
142,B1,1
143,B1,2
144,B1,2
145,B1,2
146,B1,2
147,B1,2
148,B1,2
149,B1,3
150,B1,3
151,B1,1
152,B1,1
153,B1,3
154,B1,0
155,B1,0
156,B1,0
157,B1,0
158,B1,1
159,B1,2
160,B1,2
161,B1,2
162,B1,3
163,B1,3
164,B1,3
165,B1,4
166,B1,4
167,B1,4
168,B1,4
169,B1,0
170,B1,1
171,B1,1
172,B1,1
173,B1,1
174,B1,1
175,B1,1
176,B1,2
177,B1,2
178,B1,2
179,B1,3
180,B1,3
181,B1,3
182,B1,3
183,B1,4
184,B1,5
185,B1,2
186,B1,0
187,B1,0
188,B1,1
189,B1,1
190,B1,2
191,B1,2
192,B1,2
193,B1,2
194,B1,3
195,B1,4
196,B1,5
197,B1,5
198,B1,5
199,B1,5
200,B1,5
201,B1,5
202,B1,0
203,B1,1
204,B1,1
205,B1,1
206,B1,1
207,B1,2
208,B1,2
209,B1,2
210,B1,3
211,B1,3
212,B1,5
213,B1,5
214,B1,1
215,B1,0
216,B1,0
217,B1,2
218,B1,3
219,B1,4
220,B1,4
221,B1,0
222,B1,1
223,B1,2
224,B1,2
225,B1,2
226,B1,2
227,B1,2
228,B1,2
229,B1,2
230,B1,2
231,B1,2
232,B1,0
233,B1,0
234,B1,1
235,B1,2
236,B1,3
237,B1,4
238,B1,5
239,B1,0
240,B1,0
241,B1,0
242,B1,1
243,B1,2
244,B1,2
245,B1,2
246,B1,2
247,B1,0
248,B1,2
249,B1,2
250,B1,2
251,B1,2
252,B1,3
253,B1,4
254,B1,5
255,B1,5
256,B1,0
257,B1,0
258,B1,0
259,B1,0
260,B1,0
261,B1,1
262,B1,1
263,B1,1
264,B1,0
265,B1,0
266,B1,0
267,B1,0
268,B1,1
269,B1,1
270,B1,2
271,B1,2
272,B1,3
273,B1,3
274,B1,0
275,B1,0
276,B1,0
277,B1,1
278,B1,2
279,B1,1
280,B1,1
281,B1,1
282,B1,1
283,B1,1
284,B1,1
285,B1,2
286,B1,2
287,B1,3
288,B1,0
289,B1,0
290,B1,0
291,B1,0
292,B1,0
293,B1,0
294,B1,0
295,B1,0
296,B1,0
297,B1,0
298,B1,0
299,B1,1
300,B1,2
301,B1,2
302,B1,3
303,B1,3
304,B1,0
305,B1,1
306,B1,1
307,B1,1
308,B1,1
309,B1,2
310,B1,0
311,B1,2
312,B1,3
313,B1,3
314,B1,3
315,B1,3
316,B1,4
317,B1,4
318,B1,4
319,B1,0
320,B1,0
321,B1,0
322,B1,0
323,B1,0
324,B1,0
325,B1,0
326,B1,1
327,B1,1
328,B1,1
329,B1,1
330,B1,1
331,B1,1
332,B1,3
333,B1,4
334,B1,4
335,B1,4
336,B1,0
337,B1,0
338,B1,0
339,B1,2
340,B1,2
341,B1,0
342,B1,0
343,B1,0
344,B1,1
345,B1,2
346,B1,2
347,B1,2
348,B1,2
349,B1,2
350,B1,2
351,B1,2
352,B1,2
353,B1,2
354,B1,2
355,B1,0
356,B1,0
357,B1,1
358,B1,1
359,B1,1
360,B1,1
361,B1,0
362,B1,1
363,B1,1
364,B1,2
365,B1,4
366,B1,4
367,B1,4
368,B1,4
369,B1,4
370,B1,6
371,B1,0
372,B1,0
373,B1,0
374,B1,0
375,B1,0
376,B1,2
377,B1,0
378,B1,0
379,B1,0
380,B1,0
381,B1,0
382,B1,0
383,B1,0
384,B1,1
385,B1,1
386,B1,1
387,B1,1
388,B1,0
389,B1,0
390,B1,1
391,B1,1
392,B1,2
393,B1,0
394,B1,0
395,B1,0
396,B1,0
397,B1,0
398,B1,0
399,B1,0
400,B1,0
401,B1,0
402,B1,0
403,B1,0
404,B1,1
405,B1,0
406,B1,0
407,B1,1
408,B1,1
409,B1,1
410,B1,0
411,B1,0
412,B1,1
413,B1,1
414,B1,2
415,B1,2
416,B1,2
417,B1,2
418,B1,2
419,B1,2
420,B1,2
421,B1,0
422,B1,0
423,B1,0
424,B1,1
425,B1,1
426,B1,2
427,B1,3
428,B1,3
429,B1,4
430,B1,4
431,B1,5
432,B1,5
433,B1,5
434,B1,5
435,B1,5
436,B1,5
437,B1,0
438,B1,0
439,B1,1
440,B1,1
441,B1,0
442,B1,1
443,B1,1
444,B1,1
445,B1,1
446,B1,1
447,B1,1
448,B1,2
449,B1,3
450,B1,3
451,B1,3
452,B1,4
453,B1,0
454,B1,1
455,B1,1
456,B1,1
457,B1,0
458,B1,1
459,B1,1
460,B1,1
461,B1,1
462,B1,1
463,B1,3
464,B1,3
465,B1,5
466,B1,7
467,B1,8
468,B1,0
469,B1,0
470,B1,1
471,B1,4
472,B1,4
473,B1,3
474,B1,0
475,B1,1
476,B1,1
477,B1,1
478,B1,1
479,B1,2
0,B2,0
1,B2,1
2,B2,2
3,B2,3
4,B2,0
5,B2,0
6,B2,1
7,B2,1
8,B2,1
9,B2,1
10,B2,1
11,B2,1
12,B2,0
13,B2,0
14,B2,1
15,B2,1
16,B2,1
17,B2,1
18,B2,0
19,B2,0
20,B2,0
21,B2,0
22,B2,0
23,B2,0
24,B2,0
25,B2,0
26,B2,1
27,B2,3
28,B2,3
29,B2,5
30,B2,5
31,B2,2
32,B2,0
33,B2,1
34,B2,1
35,B2,1
36,B2,2
37,B2,0
38,B2,0
39,B2,0
40,B2,1
41,B2,2
42,B2,2
43,B2,3
44,B2,3
45,B2,4
46,B2,1
47,B2,0
48,B2,0
49,B2,0
50,B2,2
51,B2,3
52,B2,4
53,B2,4
54,B2,5
55,B2,2
56,B2,0
57,B2,0
58,B2,0
59,B2,0
60,B2,0
61,B2,1
62,B2,1
63,B2,1
64,B2,2
65,B2,2
66,B2,3
67,B2,4
68,B2,5
69,B2,6
70,B2,4
71,B2,0
72,B2,1
73,B2,2
74,B2,0
75,B2,1
76,B2,2
77,B2,3
78,B2,3
79,B2,3
80,B2,4
81,B2,4
82,B2,4
83,B2,5
84,B2,5
85,B2,6
86,B2,6
87,B2,6
88,B2,3
89,B2,0
90,B2,0
91,B2,0
92,B2,0
93,B2,1
94,B2,1
95,B2,1
96,B2,1
97,B2,1
98,B2,2
99,B2,3
100,B2,3
101,B2,0
102,B2,1
103,B2,2
104,B2,2
105,B2,2
106,B2,2
107,B2,0
108,B2,0
109,B2,0
110,B2,0
111,B2,0
112,B2,0
113,B2,0
114,B2,0
115,B2,0
116,B2,2
117,B2,2
118,B2,0
119,B2,0
120,B2,0
121,B2,1
122,B2,1
123,B2,2
124,B2,2
125,B2,2
126,B2,3
127,B2,3
128,B2,4
129,B2,4
130,B2,4
131,B2,4
132,B2,3
133,B2,3
134,B2,3
135,B2,3
136,B2,4
137,B2,4
138,B2,4
139,B2,0
140,B2,0
141,B2,0
142,B2,0
143,B2,1
144,B2,1
145,B2,1
146,B2,0
147,B2,1
148,B2,1
149,B2,1
150,B2,1
151,B2,1
152,B2,2
153,B2,2
154,B2,2
155,B2,2
156,B2,3
157,B2,0
158,B2,0
159,B2,1
160,B2,1
161,B2,1
162,B2,1
163,B2,2
164,B2,2
165,B2,3
166,B2,3
167,B2,4
168,B2,5
169,B2,5
170,B2,5
171,B2,5
172,B2,0
173,B2,0
174,B2,0
175,B2,0
176,B2,0
177,B2,1
178,B2,2
179,B2,2
180,B2,3
181,B2,3
182,B2,3
183,B2,3
184,B2,4
185,B2,5
186,B2,5
187,B2,6
188,B2,6
189,B2,6
190,B2,6
191,B2,6
192,B2,0
193,B2,0
194,B2,0
195,B2,0
196,B2,0
197,B2,0
198,B2,0
199,B2,0
200,B2,0
201,B2,1
202,B2,1
203,B2,1
204,B2,1
205,B2,1
206,B2,1
207,B2,0
208,B2,0
209,B2,1
210,B2,1
211,B2,1
212,B2,1
213,B2,1
214,B2,1
215,B2,1
216,B2,2
217,B2,2
218,B2,2
219,B2,2
220,B2,0
221,B2,0
222,B2,0
223,B2,0
224,B2,0
225,B2,0
226,B2,0
227,B2,1
228,B2,1
229,B2,1
230,B2,1
231,B2,1
232,B2,2
233,B2,2
234,B2,2
235,B2,2
236,B2,2
237,B2,0
238,B2,1
239,B2,1
240,B2,1
241,B2,1
242,B2,1
243,B2,1
244,B2,0
245,B2,1
246,B2,2
247,B2,2
248,B2,2
249,B2,2
250,B2,2
251,B2,3
252,B2,0
253,B2,0
254,B2,0
255,B2,1
256,B2,2
257,B2,2
258,B2,2
259,B2,2
260,B2,2
261,B2,2
262,B2,0
263,B2,2
264,B2,2
265,B2,2
266,B2,2
267,B2,2
268,B2,3
269,B2,4
270,B2,1
271,B2,1
272,B2,1
273,B2,1
274,B2,1
275,B2,1
276,B2,3
277,B2,4
278,B2,3
279,B2,3
280,B2,3
281,B2,3
282,B2,3
283,B2,4
284,B2,4
285,B2,3
286,B2,0
287,B2,0
288,B2,0
289,B2,0
290,B2,0
291,B2,0
292,B2,1
293,B2,1
294,B2,2
295,B2,2
296,B2,2
297,B2,2
298,B2,2
299,B2,2
300,B2,2
301,B2,0
302,B2,0
303,B2,0
304,B2,0
305,B2,1
306,B2,1
307,B2,1
308,B2,1
309,B2,0
310,B2,0
311,B2,0
312,B2,0
313,B2,0
314,B2,0
315,B2,0
316,B2,0
317,B2,0
318,B2,0
319,B2,1
320,B2,1
321,B2,2
322,B2,2
323,B2,2
324,B2,3
325,B2,0
326,B2,1
327,B2,2
328,B2,3
329,B2,0
330,B2,0
331,B2,0
332,B2,1
333,B2,2
334,B2,2
335,B2,2
336,B2,3
337,B2,3
338,B2,3
339,B2,3
340,B2,3
341,B2,3
342,B2,3
343,B2,3
344,B2,0
345,B2,0
346,B2,0
347,B2,1
348,B2,1
349,B2,1
350,B2,1
351,B2,1
352,B2,1
353,B2,1
354,B2,1
355,B2,1
356,B2,2
357,B2,2
358,B2,2
359,B2,3
360,B2,0
361,B2,1
362,B2,1
363,B2,3
364,B2,3
365,B2,0
366,B2,0
367,B2,0
368,B2,0
369,B2,0
370,B2,0
371,B2,1
372,B2,1
373,B2,1
374,B2,2
375,B2,2
376,B2,2
377,B2,0
378,B2,0
379,B2,1
380,B2,1
381,B2,0
382,B2,1
383,B2,1
384,B2,1
385,B2,1
386,B2,1
387,B2,2
388,B2,2
389,B2,2
390,B2,2
391,B2,2
392,B2,2
393,B2,3
394,B2,0
395,B2,1
396,B2,2
397,B2,2
398,B2,0
399,B2,0
400,B2,0
401,B2,0
402,B2,0
403,B2,0
404,B2,1
405,B2,1
406,B2,2
407,B2,3
408,B2,3
409,B2,0
410,B2,0
411,B2,1
412,B2,3
413,B2,3
414,B2,4
415,B2,0
416,B2,0
417,B2,1
418,B2,1
419,B2,1
420,B2,1
421,B2,2
422,B2,2
423,B2,2
424,B2,2
425,B2,2
426,B2,2
427,B2,0
428,B2,1
429,B2,1
430,B2,0
431,B2,0
432,B2,1
433,B2,1
434,B2,1
435,B2,1
436,B2,1
437,B2,1
438,B2,1
439,B2,1
440,B2,1
441,B2,1
442,B2,0
443,B2,0
444,B2,0
445,B2,0
446,B2,0
447,B2,0
448,B2,0
449,B2,0
450,B2,2
451,B2,2
452,B2,3
453,B2,3
454,B2,4
455,B2,4
456,B2,4
457,B2,4
458,B2,0
459,B2,0
460,B2,0
461,B2,0
462,B2,0
463,B2,0
464,B2,0
465,B2,0
466,B2,0
467,B2,1
468,B2,1
469,B2,1
470,B2,2
471,B2,3
472,B2,3
473,B2,5
474,B2,1
475,B2,0
476,B2,0
477,B2,0
478,B2,0
479,B2,0
0,B3,0
1,B3,0
2,B3,0
3,B3,0
4,B3,0
5,B3,0
6,B3,0
7,B3,0
8,B3,0
9,B3,0
10,B3,0
11,B3,0
12,B3,0
13,B3,1
14,B3,1
15,B3,1
16,B3,0
17,B3,0
18,B3,0
19,B3,0
20,B3,0
21,B3,0
22,B3,0
23,B3,0
24,B3,0
25,B3,0
26,B3,1
27,B3,0
28,B3,0
29,B3,0
30,B3,0
31,B3,0
32,B3,0
33,B3,0
34,B3,0
35,B3,0
36,B3,0
37,B3,0
38,B3,0
39,B3,0
40,B3,1
41,B3,2
42,B3,2
43,B3,3
44,B3,0
45,B3,0
46,B3,0
47,B3,2
48,B3,2
49,B3,0
50,B3,0
51,B3,0
52,B3,0
53,B3,1
54,B3,1
55,B3,2
56,B3,2
57,B3,2
58,B3,2
59,B3,2
60,B3,0
61,B3,1
62,B3,1
63,B3,3
64,B3,3
65,B3,3
66,B3,4
67,B3,4
68,B3,5
69,B3,6
70,B3,6
71,B3,7
72,B3,7
73,B3,7
74,B3,7
75,B3,7
76,B3,7
77,B3,0
78,B3,1
79,B3,1
80,B3,1
81,B3,1
82,B3,1
83,B3,1
84,B3,1
85,B3,3
86,B3,3
87,B3,4
88,B3,4
89,B3,4
90,B3,4
91,B3,4
92,B3,5
93,B3,1
94,B3,0
95,B3,1
96,B3,1
97,B3,1
98,B3,1
99,B3,1
100,B3,1
101,B3,1
102,B3,1
103,B3,2
104,B3,3
105,B3,4
106,B3,7
107,B3,8
108,B3,0
109,B3,0
110,B3,0
111,B3,0
112,B3,0
113,B3,1
114,B3,1
115,B3,1
116,B3,1
117,B3,2
118,B3,2
119,B3,2
120,B3,2
121,B3,2
122,B3,0
123,B3,0
124,B3,0
125,B3,0
126,B3,1
127,B3,0
128,B3,0
129,B3,0
130,B3,0
131,B3,0
132,B3,1
133,B3,1
134,B3,1
135,B3,1
136,B3,1
137,B3,1
138,B3,0
139,B3,1
140,B3,1
141,B3,1
142,B3,2
143,B3,2
144,B3,2
145,B3,2
146,B3,0
147,B3,0
148,B3,0
149,B3,2
150,B3,2
151,B3,2
152,B3,3
153,B3,4
154,B3,4
155,B3,4
156,B3,4
157,B3,4
158,B3,4
159,B3,4
160,B3,4
161,B3,4
162,B3,4
163,B3,0
164,B3,0
165,B3,0
166,B3,0
167,B3,1
168,B3,2
169,B3,2
170,B3,2
171,B3,2
172,B3,2
173,B3,2
174,B3,2
175,B3,2
176,B3,2
177,B3,2
178,B3,0
179,B3,0
180,B3,0
181,B3,0
182,B3,1
183,B3,2
184,B3,2
185,B3,2
186,B3,2
187,B3,2
188,B3,2
189,B3,3
190,B3,3
191,B3,4
192,B3,4
193,B3,4
194,B3,5
195,B3,5
196,B3,5
197,B3,5
198,B3,0
199,B3,0
200,B3,0
201,B3,2
202,B3,2
203,B3,2
204,B3,2
205,B3,2
206,B3,2
207,B3,2
208,B3,2
209,B3,2
210,B3,0
211,B3,0
212,B3,0
213,B3,1
214,B3,0
215,B3,0
216,B3,0
217,B3,0
218,B3,0
219,B3,1
220,B3,1
221,B3,1
222,B3,1
223,B3,1
224,B3,2
225,B3,2
226,B3,0
227,B3,0
228,B3,0
229,B3,0
230,B3,0
231,B3,0
232,B3,0
233,B3,1
234,B3,1
235,B3,1
236,B3,1
237,B3,1
238,B3,1
239,B3,1
240,B3,2
241,B3,0
242,B3,0
243,B3,0
244,B3,0
245,B3,0
246,B3,0
247,B3,1
248,B3,1
249,B3,1
250,B3,0
251,B3,0
252,B3,0
253,B3,0
254,B3,0
255,B3,1
256,B3,2
257,B3,2
258,B3,0
259,B3,0
260,B3,0
261,B3,0
262,B3,0
263,B3,0
264,B3,0
265,B3,1
266,B3,1
267,B3,1
268,B3,1
269,B3,0
270,B3,0
271,B3,0
272,B3,0
273,B3,0
274,B3,0
275,B3,0
276,B3,1
277,B3,1
278,B3,1
279,B3,1
280,B3,1
281,B3,2
282,B3,2
283,B3,0
284,B3,1
285,B3,1
286,B3,1
287,B3,1
288,B3,1
289,B3,0
290,B3,0
291,B3,0
292,B3,0
293,B3,0
294,B3,0
295,B3,0
296,B3,0
297,B3,0
298,B3,0
299,B3,0
300,B3,0
301,B3,0
302,B3,0
303,B3,0
304,B3,0
305,B3,0
306,B3,0
307,B3,0
308,B3,0
309,B3,0
310,B3,0
311,B3,1
312,B3,1
313,B3,3
314,B3,0
315,B3,1
316,B3,1
317,B3,1
318,B3,1
319,B3,0
320,B3,0
321,B3,0
322,B3,0
323,B3,1
324,B3,1
325,B3,1
326,B3,1
327,B3,1
328,B3,1
329,B3,2
330,B3,2
331,B3,0
332,B3,0
333,B3,0
334,B3,0
335,B3,1
336,B3,1
337,B3,1
338,B3,1
339,B3,1
340,B3,1
341,B3,1
342,B3,1
343,B3,1
344,B3,1
345,B3,2
346,B3,2
347,B3,3
348,B3,4
349,B3,5
350,B3,2
351,B3,0
352,B3,0
353,B3,0
354,B3,0
355,B3,0
356,B3,0
357,B3,0
358,B3,0
359,B3,0
360,B3,1
361,B3,2
362,B3,3
363,B3,4
364,B3,4
365,B3,0
366,B3,1
367,B3,1
368,B3,1
369,B3,1
370,B3,0
371,B3,0
372,B3,1
373,B3,1
374,B3,1
375,B3,1
376,B3,1
377,B3,2
378,B3,3
379,B3,3
380,B3,4
381,B3,5
382,B3,5
383,B3,6
384,B3,0
385,B3,0
386,B3,0
387,B3,0
388,B3,0
389,B3,0
390,B3,0
391,B3,0
392,B3,0
393,B3,0
394,B3,0
395,B3,1
396,B3,1
397,B3,2
398,B3,2
399,B3,2
400,B3,0
401,B3,0
402,B3,0
403,B3,0
404,B3,1
405,B3,1
406,B3,1
407,B3,1
408,B3,1
409,B3,3
410,B3,4
411,B3,4
412,B3,4
413,B3,4
414,B3,4
415,B3,0
416,B3,0
417,B3,0
418,B3,1
419,B3,0
420,B3,0
421,B3,0
422,B3,0
423,B3,0
424,B3,0
425,B3,1
426,B3,1
427,B3,1
428,B3,2
429,B3,2
430,B3,2
431,B3,2
432,B3,0
433,B3,0
434,B3,1
435,B3,1
436,B3,0
437,B3,0
438,B3,0
439,B3,0
440,B3,1
441,B3,2
442,B3,2
443,B3,2
444,B3,2
445,B3,2
446,B3,0
447,B3,0
448,B3,0
449,B3,0
450,B3,0
451,B3,0
452,B3,0
453,B3,0
454,B3,1
455,B3,1
456,B3,1
457,B3,1
458,B3,1
459,B3,1
460,B3,1
461,B3,1
462,B3,2
463,B3,0
464,B3,0
465,B3,0
466,B3,0
467,B3,1
468,B3,0
469,B3,1
470,B3,2
471,B3,3
472,B3,3
473,B3,3
474,B3,3
475,B3,3
476,B3,3
477,B3,3
478,B3,3
479,B3,3
